name,MPI3_fixed
Data/pth/nga_2018_984.pth,0.019
Data/pth/nga_2018_1097.pth,0.062
Data/pth/nga_2013_877.pth,0.056
Data/pth/nga_2018_369.pth,0.11
Data/pth/nga_2013_335.pth,0.058
Data/pth/nga_2018_63.pth,0.146
Data/pth/nga_2018_1369.pth,0.028
Data/pth/nga_2018_219.pth,0.04
Data/pth/nga_2018_372.pth,0.547
Data/pth/nga_2013_836.pth,0.0
Data/pth/nga_2013_97.pth,0.0
Data/pth/nga_2018_100.pth,0.147
Data/pth/nga_2018_1100.pth,0.0
Data/pth/nga_2018_1301.pth,0.0
Data/pth/nga_2018_394.pth,0.4
Data/pth/nga_2013_324.pth,0.497
Data/pth/nga_2013_620.pth,0.194
Data/pth/nga_2018_360.pth,0.239
Data/pth/nga_2018_437.pth,0.401
Data/pth/nga_2013_888.pth,0.055
Data/pth/nga_2018_852.pth,0.043
Data/pth/nga_2018_724.pth,0.136
Data/pth/nga_2018_520.pth,0.11
Data/pth/nga_2013_343.pth,0.56
Data/pth/nga_2013_142.pth,0.322
Data/pth/nga_2018_1131.pth,0.072
Data/pth/nga_2013_555.pth,0.132
Data/pth/nga_2013_848.pth,0.0
Data/pth/nga_2018_1149.pth,0.127
Data/pth/nga_2013_8.pth,0.334
Data/pth/nga_2018_392.pth,0.361
Data/pth/nga_2018_1151.pth,0.119
Data/pth/nga_2018_254.pth,0.0
Data/pth/nga_2018_253.pth,0.232
Data/pth/nga_2013_417.pth,0.169
Data/pth/nga_2018_900.pth,0.04
Data/pth/nga_2018_733.pth,0.675
Data/pth/nga_2018_191.pth,0.664
Data/pth/nga_2018_1006.pth,0.137
Data/pth/nga_2018_1055.pth,0.0
Data/pth/nga_2018_1296.pth,0.0
Data/pth/nga_2013_358.pth,0.302
Data/pth/nga_2018_1264.pth,0.0
Data/pth/nga_2018_646.pth,0.456
Data/pth/nga_2013_821.pth,0.169
Data/pth/nga_2013_701.pth,0.005
Data/pth/nga_2013_675.pth,0.037
Data/pth/nga_2018_1132.pth,0.034
Data/pth/nga_2018_512.pth,0.523
Data/pth/nga_2013_13.pth,0.038
Data/pth/nga_2018_1165.pth,0.029
Data/pth/nga_2018_667.pth,0.709
Data/pth/nga_2018_1037.pth,0.121
Data/pth/nga_2013_508.pth,0.0
Data/pth/nga_2013_458.pth,0.772
Data/pth/nga_2013_505.pth,0.037
Data/pth/nga_2018_507.pth,0.763
Data/pth/nga_2018_5.pth,0.051
Data/pth/nga_2018_1169.pth,0.028
Data/pth/nga_2018_1135.pth,0.0
Data/pth/nga_2013_175.pth,0.18
Data/pth/nga_2018_1079.pth,0.225
Data/pth/nga_2013_271.pth,0.66
Data/pth/nga_2013_143.pth,0.073
Data/pth/nga_2013_166.pth,0.301
Data/pth/nga_2018_128.pth,0.046
Data/pth/nga_2013_136.pth,0.274
Data/pth/nga_2018_1383.pth,0.021
Data/pth/nga_2018_815.pth,0.0
Data/pth/nga_2018_862.pth,0.36
Data/pth/nga_2018_464.pth,0.413
Data/pth/nga_2018_981.pth,0.0
Data/pth/nga_2013_395.pth,0.36
Data/pth/nga_2018_649.pth,0.52
Data/pth/nga_2018_839.pth,0.248
Data/pth/nga_2018_146.pth,0.086
Data/pth/nga_2018_227.pth,0.361
Data/pth/nga_2013_99.pth,0.148
Data/pth/nga_2013_893.pth,0.088
Data/pth/nga_2013_775.pth,0.029
Data/pth/nga_2018_735.pth,0.798
Data/pth/nga_2013_686.pth,0.097
Data/pth/nga_2018_26.pth,0.27
Data/pth/nga_2018_171.pth,0.212
Data/pth/nga_2018_396.pth,0.078
Data/pth/nga_2018_410.pth,0.391
Data/pth/nga_2018_304.pth,0.287
Data/pth/nga_2013_347.pth,0.149
Data/pth/nga_2018_874.pth,0.0
Data/pth/nga_2013_294.pth,0.639
Data/pth/nga_2013_426.pth,0.425
Data/pth/nga_2018_279.pth,0.28
Data/pth/nga_2018_979.pth,0.161
Data/pth/nga_2018_1305.pth,0.264
Data/pth/nga_2013_612.pth,0.161
Data/pth/nga_2018_1028.pth,0.139
Data/pth/nga_2018_943.pth,0.0
Data/pth/nga_2013_123.pth,0.649
Data/pth/nga_2018_741.pth,0.539
Data/pth/nga_2018_995.pth,0.045
Data/pth/nga_2018_722.pth,0.39
Data/pth/nga_2018_218.pth,0.0
Data/pth/nga_2018_1146.pth,0.0
Data/pth/nga_2018_773.pth,0.0
Data/pth/nga_2013_622.pth,0.176
Data/pth/nga_2018_662.pth,0.735
Data/pth/nga_2013_185.pth,0.268
Data/pth/nga_2018_409.pth,0.457
Data/pth/nga_2018_239.pth,0.179
Data/pth/nga_2018_956.pth,0.042
Data/pth/nga_2013_761.pth,0.015
Data/pth/nga_2018_174.pth,0.106
Data/pth/nga_2013_361.pth,0.134
Data/pth/nga_2013_340.pth,0.203
Data/pth/nga_2018_600.pth,0.508
Data/pth/nga_2018_835.pth,0.301
Data/pth/nga_2018_305.pth,0.77
Data/pth/nga_2013_862.pth,0.002
Data/pth/nga_2018_661.pth,0.771
Data/pth/nga_2018_1219.pth,0.0
Data/pth/nga_2013_352.pth,0.416
Data/pth/nga_2013_828.pth,0.381
Data/pth/nga_2018_303.pth,0.678
Data/pth/nga_2013_781.pth,0.0
Data/pth/nga_2013_540.pth,0.321
Data/pth/nga_2018_259.pth,0.114
Data/pth/nga_2018_1226.pth,0.0
Data/pth/nga_2013_30.pth,0.0
Data/pth/nga_2013_217.pth,0.552
Data/pth/nga_2018_422.pth,0.299
Data/pth/nga_2013_587.pth,0.002
Data/pth/nga_2018_247.pth,0.266
Data/pth/nga_2013_902.pth,0.16
Data/pth/nga_2018_11.pth,0.093
Data/pth/nga_2018_715.pth,0.412
Data/pth/nga_2018_470.pth,0.305
Data/pth/nga_2018_605.pth,0.064
Data/pth/nga_2018_1070.pth,0.021
Data/pth/nga_2018_542.pth,0.203
Data/pth/nga_2018_480.pth,0.361
Data/pth/nga_2018_836.pth,0.334
Data/pth/nga_2018_849.pth,0.068
Data/pth/nga_2013_641.pth,0.083
Data/pth/nga_2018_281.pth,0.641
Data/pth/nga_2018_998.pth,0.091
Data/pth/nga_2018_1306.pth,0.118
Data/pth/nga_2018_810.pth,0.0
Data/pth/nga_2013_399.pth,0.51
Data/pth/nga_2018_435.pth,0.327
Data/pth/nga_2018_203.pth,0.149
Data/pth/nga_2018_1088.pth,0.0
Data/pth/nga_2018_192.pth,0.63
Data/pth/nga_2018_868.pth,0.233
Data/pth/nga_2013_301.pth,0.276
Data/pth/nga_2013_759.pth,0.052
Data/pth/nga_2013_179.pth,0.148
Data/pth/nga_2013_61.pth,0.012
Data/pth/nga_2018_12.pth,0.214
Data/pth/nga_2013_381.pth,0.717
Data/pth/nga_2013_11.pth,0.348
Data/pth/nga_2018_934.pth,0.0
Data/pth/nga_2018_1089.pth,0.0
Data/pth/nga_2018_382.pth,0.735
Data/pth/nga_2018_602.pth,0.581
Data/pth/nga_2018_1280.pth,0.146
Data/pth/nga_2013_780.pth,0.0
Data/pth/nga_2018_460.pth,0.737
Data/pth/nga_2018_156.pth,0.0
Data/pth/nga_2018_630.pth,0.525
Data/pth/nga_2013_649.pth,0.032
Data/pth/nga_2018_848.pth,0.332
Data/pth/nga_2013_578.pth,0.136
Data/pth/nga_2013_634.pth,0.3
Data/pth/nga_2018_1192.pth,0.01
Data/pth/nga_2013_224.pth,0.257
Data/pth/nga_2018_490.pth,0.627
Data/pth/nga_2013_144.pth,0.171
Data/pth/nga_2013_697.pth,0.0
Data/pth/nga_2013_827.pth,0.21
Data/pth/nga_2018_1185.pth,0.169
Data/pth/nga_2018_1342.pth,0.097
Data/pth/nga_2018_689.pth,0.182
Data/pth/nga_2013_16.pth,0.054
Data/pth/nga_2013_807.pth,0.002
Data/pth/nga_2013_684.pth,0.072
Data/pth/nga_2018_107.pth,0.36
Data/pth/nga_2013_695.pth,0.0
Data/pth/nga_2013_767.pth,0.009
Data/pth/nga_2018_158.pth,0.303
Data/pth/nga_2018_469.pth,0.797
Data/pth/nga_2013_153.pth,0.405
Data/pth/nga_2013_152.pth,0.553
Data/pth/nga_2018_1186.pth,0.183
Data/pth/nga_2013_328.pth,0.502
Data/pth/nga_2018_933.pth,0.0
Data/pth/nga_2013_315.pth,0.705
Data/pth/nga_2018_1145.pth,0.122
Data/pth/nga_2013_444.pth,0.713
Data/pth/nga_2018_1330.pth,0.0
Data/pth/nga_2018_241.pth,0.355
Data/pth/nga_2013_670.pth,0.162
Data/pth/nga_2018_261.pth,0.162
Data/pth/nga_2013_882.pth,0.041
Data/pth/nga_2018_1284.pth,0.0
Data/pth/nga_2018_1078.pth,0.329
Data/pth/nga_2013_174.pth,0.266
Data/pth/nga_2013_380.pth,0.29
Data/pth/nga_2013_490.pth,0.0
Data/pth/nga_2013_450.pth,0.529
Data/pth/nga_2018_883.pth,0.0
Data/pth/nga_2018_869.pth,0.0
Data/pth/nga_2018_10.pth,0.376
Data/pth/nga_2018_518.pth,0.148
Data/pth/nga_2013_353.pth,0.285
Data/pth/nga_2018_676.pth,0.355
Data/pth/nga_2013_853.pth,0.198
Data/pth/nga_2018_1072.pth,0.0
Data/pth/nga_2013_284.pth,0.718
Data/pth/nga_2018_1220.pth,0.0
Data/pth/nga_2018_1011.pth,0.281
Data/pth/nga_2013_849.pth,0.16
Data/pth/nga_2018_1349.pth,0.188
Data/pth/nga_2013_362.pth,0.229
Data/pth/nga_2018_375.pth,0.732
Data/pth/nga_2018_436.pth,0.404
Data/pth/nga_2013_531.pth,0.019
Data/pth/nga_2018_56.pth,0.057
Data/pth/nga_2018_1376.pth,0.0
Data/pth/nga_2018_853.pth,0.0
Data/pth/nga_2018_944.pth,0.269
Data/pth/nga_2013_636.pth,0.238
Data/pth/nga_2013_886.pth,0.077
Data/pth/nga_2013_792.pth,0.0
Data/pth/nga_2018_1162.pth,0.06
Data/pth/nga_2018_1249.pth,0.0
Data/pth/nga_2018_1323.pth,0.121
Data/pth/nga_2013_820.pth,0.196
Data/pth/nga_2013_92.pth,0.045
Data/pth/nga_2018_1218.pth,0.0
Data/pth/nga_2013_90.pth,0.094
Data/pth/nga_2018_73.pth,0.314
Data/pth/nga_2018_1043.pth,0.224
Data/pth/nga_2018_170.pth,0.235
Data/pth/nga_2018_813.pth,0.0
Data/pth/nga_2013_763.pth,0.081
Data/pth/nga_2018_157.pth,0.302
Data/pth/nga_2013_414.pth,0.678
Data/pth/nga_2013_608.pth,0.0
Data/pth/nga_2013_421.pth,0.6
Data/pth/nga_2013_520.pth,0.014
Data/pth/nga_2013_369.pth,0.2
Data/pth/nga_2018_456.pth,0.532
Data/pth/nga_2018_1045.pth,0.06
Data/pth/nga_2018_719.pth,0.207
Data/pth/nga_2013_396.pth,0.628
Data/pth/nga_2018_1038.pth,0.408
Data/pth/nga_2018_23.pth,0.168
Data/pth/nga_2018_552.pth,0.0
Data/pth/nga_2018_485.pth,0.671
Data/pth/nga_2018_474.pth,0.573
Data/pth/nga_2018_550.pth,0.127
Data/pth/nga_2013_558.pth,0.05
Data/pth/nga_2013_138.pth,0.623
Data/pth/nga_2013_252.pth,0.517
Data/pth/nga_2018_969.pth,0.152
Data/pth/nga_2018_1178.pth,0.037
Data/pth/nga_2013_157.pth,0.249
Data/pth/nga_2013_593.pth,0.318
Data/pth/nga_2018_1247.pth,0.289
Data/pth/nga_2018_364.pth,0.245
Data/pth/nga_2018_1222.pth,0.034
Data/pth/nga_2018_666.pth,0.66
Data/pth/nga_2013_583.pth,0.088
Data/pth/nga_2018_1389.pth,0.475
Data/pth/nga_2013_784.pth,0.0
Data/pth/nga_2018_1360.pth,0.037
Data/pth/nga_2013_536.pth,0.073
Data/pth/nga_2018_1020.pth,0.231
Data/pth/nga_2013_769.pth,0.0
Data/pth/nga_2013_851.pth,0.111
Data/pth/nga_2018_1175.pth,0.042
Data/pth/nga_2018_1069.pth,0.081
Data/pth/nga_2018_533.pth,0.744
Data/pth/nga_2018_703.pth,0.435
Data/pth/nga_2018_38.pth,0.104
Data/pth/nga_2013_844.pth,0.185
Data/pth/nga_2018_286.pth,0.546
Data/pth/nga_2018_162.pth,0.065
Data/pth/nga_2018_575.pth,0.593
Data/pth/nga_2018_826.pth,0.0
Data/pth/nga_2018_235.pth,0.187
Data/pth/nga_2018_272.pth,0.726
Data/pth/nga_2018_83.pth,0.023
Data/pth/nga_2013_703.pth,0.002
Data/pth/nga_2018_597.pth,0.174
Data/pth/nga_2013_231.pth,0.607
Data/pth/nga_2013_860.pth,0.045
Data/pth/nga_2018_918.pth,0.0
Data/pth/nga_2018_493.pth,0.63
Data/pth/nga_2013_870.pth,0.0
Data/pth/nga_2013_891.pth,0.025
Data/pth/nga_2018_1187.pth,0.07
Data/pth/nga_2018_949.pth,0.225
Data/pth/nga_2018_731.pth,0.571
Data/pth/nga_2018_706.pth,0.606
Data/pth/nga_2018_477.pth,0.681
Data/pth/nga_2013_453.pth,0.102
Data/pth/nga_2018_1120.pth,0.251
Data/pth/nga_2018_1008.pth,0.304
Data/pth/nga_2018_217.pth,0.544
Data/pth/nga_2018_380.pth,0.694
Data/pth/nga_2013_693.pth,0.255
Data/pth/nga_2018_1379.pth,0.0
Data/pth/nga_2013_360.pth,0.097
Data/pth/nga_2018_838.pth,0.105
Data/pth/nga_2013_629.pth,0.207
Data/pth/nga_2018_892.pth,0.228
Data/pth/nga_2013_525.pth,0.058
Data/pth/nga_2018_1082.pth,0.048
Data/pth/nga_2018_983.pth,0.0
Data/pth/nga_2018_179.pth,0.095
Data/pth/nga_2013_839.pth,0.038
Data/pth/nga_2018_278.pth,0.203
Data/pth/nga_2013_527.pth,0.004
Data/pth/nga_2018_1027.pth,0.024
Data/pth/nga_2013_692.pth,0.03
Data/pth/nga_2018_320.pth,0.675
Data/pth/nga_2018_210.pth,0.372
Data/pth/nga_2013_865.pth,0.015
Data/pth/nga_2018_328.pth,0.056
Data/pth/nga_2018_584.pth,0.263
Data/pth/nga_2018_96.pth,0.096
Data/pth/nga_2013_552.pth,0.103
Data/pth/nga_2018_747.pth,0.799
Data/pth/nga_2013_538.pth,0.03
Data/pth/nga_2018_368.pth,0.0
Data/pth/nga_2013_625.pth,0.084
Data/pth/nga_2018_681.pth,0.599
Data/pth/nga_2018_707.pth,0.508
Data/pth/nga_2018_538.pth,0.403
Data/pth/nga_2018_142.pth,0.065
Data/pth/nga_2013_579.pth,0.178
Data/pth/nga_2018_824.pth,0.026
Data/pth/nga_2018_515.pth,0.454
Data/pth/nga_2018_1042.pth,0.357
Data/pth/nga_2018_1004.pth,0.111
Data/pth/nga_2018_31.pth,0.157
Data/pth/nga_2018_438.pth,0.302
Data/pth/nga_2013_667.pth,0.237
Data/pth/nga_2018_808.pth,0.048
Data/pth/nga_2013_795.pth,0.0
Data/pth/nga_2013_831.pth,0.008
Data/pth/nga_2013_112.pth,0.42
Data/pth/nga_2018_928.pth,0.075
Data/pth/nga_2018_118.pth,0.0
Data/pth/nga_2018_1382.pth,0.047
Data/pth/nga_2018_1160.pth,0.261
Data/pth/nga_2018_970.pth,0.25
Data/pth/nga_2018_67.pth,0.015
Data/pth/nga_2018_784.pth,0.0
Data/pth/nga_2018_688.pth,0.233
Data/pth/nga_2013_120.pth,0.295
Data/pth/nga_2013_876.pth,0.156
Data/pth/nga_2013_884.pth,0.06
Data/pth/nga_2018_563.pth,0.0
Data/pth/nga_2018_104.pth,0.159
Data/pth/nga_2018_91.pth,0.043
Data/pth/nga_2018_1381.pth,0.0
Data/pth/nga_2013_432.pth,0.204
Data/pth/nga_2013_405.pth,0.55
Data/pth/nga_2013_424.pth,0.582
Data/pth/nga_2013_154.pth,0.35
Data/pth/nga_2018_481.pth,0.473
Data/pth/nga_2018_639.pth,0.012
Data/pth/nga_2013_530.pth,0.0
Data/pth/nga_2018_610.pth,0.215
Data/pth/nga_2013_644.pth,0.218
Data/pth/nga_2013_436.pth,0.689
Data/pth/nga_2013_585.pth,0.056
Data/pth/nga_2018_1321.pth,0.035
Data/pth/nga_2013_590.pth,0.047
Data/pth/nga_2013_310.pth,0.678
Data/pth/nga_2018_444.pth,0.494
Data/pth/nga_2018_383.pth,0.582
Data/pth/nga_2013_278.pth,0.019
Data/pth/nga_2018_586.pth,0.41
Data/pth/nga_2018_1201.pth,0.0
Data/pth/nga_2018_534.pth,0.098
Data/pth/nga_2018_209.pth,0.344
Data/pth/nga_2018_150.pth,0.169
Data/pth/nga_2013_225.pth,0.208
Data/pth/nga_2018_694.pth,0.63
Data/pth/nga_2018_134.pth,0.632
Data/pth/nga_2018_567.pth,0.354
Data/pth/nga_2013_106.pth,0.382
Data/pth/nga_2018_94.pth,0.25
Data/pth/nga_2018_1061.pth,0.086
Data/pth/nga_2018_240.pth,0.349
Data/pth/nga_2018_58.pth,0.052
Data/pth/nga_2018_603.pth,0.702
Data/pth/nga_2018_682.pth,0.276
Data/pth/nga_2018_932.pth,0.013
Data/pth/nga_2018_1081.pth,0.165
Data/pth/nga_2013_382.pth,0.384
Data/pth/nga_2013_881.pth,0.0
Data/pth/nga_2013_193.pth,0.7
Data/pth/nga_2013_164.pth,0.402
Data/pth/nga_2018_1058.pth,0.0
Data/pth/nga_2018_920.pth,0.047
Data/pth/nga_2018_85.pth,0.102
Data/pth/nga_2018_318.pth,0.577
Data/pth/nga_2018_1014.pth,0.0
Data/pth/nga_2013_385.pth,0.59
Data/pth/nga_2018_461.pth,0.688
Data/pth/nga_2013_388.pth,0.422
Data/pth/nga_2018_340.pth,0.618
Data/pth/nga_2013_596.pth,0.0
Data/pth/nga_2018_484.pth,0.43
Data/pth/nga_2018_1168.pth,0.106
Data/pth/nga_2018_1331.pth,0.17
Data/pth/nga_2018_595.pth,0.633
Data/pth/nga_2013_109.pth,0.236
Data/pth/nga_2018_568.pth,0.448
Data/pth/nga_2013_32.pth,0.063
Data/pth/nga_2018_572.pth,0.243
Data/pth/nga_2013_602.pth,0.049
Data/pth/nga_2018_1142.pth,0.0
Data/pth/nga_2018_136.pth,0.243
Data/pth/nga_2018_628.pth,0.58
Data/pth/nga_2018_843.pth,0.255
Data/pth/nga_2018_43.pth,0.0
Data/pth/nga_2018_1235.pth,0.0
Data/pth/nga_2018_140.pth,0.043
Data/pth/nga_2013_871.pth,0.016
Data/pth/nga_2018_452.pth,0.78
Data/pth/nga_2013_550.pth,0.093
Data/pth/nga_2013_390.pth,0.279
Data/pth/nga_2013_247.pth,0.252
Data/pth/nga_2013_115.pth,0.068
Data/pth/nga_2018_169.pth,0.256
Data/pth/nga_2013_437.pth,0.376
Data/pth/nga_2013_288.pth,0.666
Data/pth/nga_2018_425.pth,0.393
Data/pth/nga_2013_354.pth,0.594
Data/pth/nga_2018_623.pth,0.473
Data/pth/nga_2018_1094.pth,0.04
Data/pth/nga_2013_601.pth,0.005
Data/pth/nga_2013_501.pth,0.045
Data/pth/nga_2013_810.pth,0.022
Data/pth/nga_2018_193.pth,0.637
Data/pth/nga_2013_69.pth,0.311
Data/pth/nga_2013_621.pth,0.118
Data/pth/nga_2013_212.pth,0.708
Data/pth/nga_2013_672.pth,0.246
Data/pth/nga_2018_135.pth,0.074
Data/pth/nga_2013_54.pth,0.148
Data/pth/nga_2013_764.pth,0.05
Data/pth/nga_2018_937.pth,0.0
Data/pth/nga_2018_501.pth,0.27
Data/pth/nga_2013_77.pth,0.019
Data/pth/nga_2018_1272.pth,0.188
Data/pth/nga_2013_859.pth,0.122
Data/pth/nga_2018_172.pth,0.118
Data/pth/nga_2018_948.pth,0.025
Data/pth/nga_2018_1065.pth,0.103
Data/pth/nga_2013_409.pth,0.521
Data/pth/nga_2018_1326.pth,0.071
Data/pth/nga_2018_329.pth,0.333
Data/pth/nga_2013_83.pth,0.017
Data/pth/nga_2018_909.pth,0.0
Data/pth/nga_2013_449.pth,0.55
Data/pth/nga_2018_831.pth,0.252
Data/pth/nga_2018_420.pth,0.333
Data/pth/nga_2013_826.pth,0.145
Data/pth/nga_2013_605.pth,0.065
Data/pth/nga_2013_203.pth,0.18
Data/pth/nga_2013_478.pth,0.636
Data/pth/nga_2013_317.pth,0.295
Data/pth/nga_2018_1029.pth,0.323
Data/pth/nga_2013_366.pth,0.273
Data/pth/nga_2013_682.pth,0.305
Data/pth/nga_2018_1251.pth,0.0
Data/pth/nga_2018_637.pth,0.385
Data/pth/nga_2018_1236.pth,0.0
Data/pth/nga_2018_1325.pth,0.059
Data/pth/nga_2013_403.pth,0.456
Data/pth/nga_2013_118.pth,0.35
Data/pth/nga_2018_226.pth,0.0
Data/pth/nga_2018_145.pth,0.0
Data/pth/nga_2018_33.pth,0.149
Data/pth/nga_2018_147.pth,0.0
Data/pth/nga_2018_243.pth,0.219
Data/pth/nga_2018_811.pth,0.0
Data/pth/nga_2013_135.pth,0.314
Data/pth/nga_2013_879.pth,0.024
Data/pth/nga_2013_190.pth,0.121
Data/pth/nga_2013_266.pth,0.404
Data/pth/nga_2018_88.pth,0.024
Data/pth/nga_2018_823.pth,0.385
Data/pth/nga_2018_508.pth,0.743
Data/pth/nga_2018_710.pth,0.531
Data/pth/nga_2013_475.pth,0.635
Data/pth/nga_2018_325.pth,0.483
Data/pth/nga_2018_336.pth,0.608
Data/pth/nga_2013_253.pth,0.597
Data/pth/nga_2018_137.pth,0.492
Data/pth/nga_2018_433.pth,0.105
Data/pth/nga_2013_42.pth,0.297
Data/pth/nga_2018_625.pth,0.346
Data/pth/nga_2018_740.pth,0.304
Data/pth/nga_2018_1287.pth,0.068
Data/pth/nga_2018_1350.pth,0.395
Data/pth/nga_2013_539.pth,0.35
Data/pth/nga_2013_127.pth,0.248
Data/pth/nga_2018_756.pth,0.073
Data/pth/nga_2018_687.pth,0.29
Data/pth/nga_2013_102.pth,0.009
Data/pth/nga_2018_1304.pth,0.019
Data/pth/nga_2013_443.pth,0.661
Data/pth/nga_2018_599.pth,0.449
Data/pth/nga_2013_574.pth,0.064
Data/pth/nga_2018_1241.pth,0.0
Data/pth/nga_2013_600.pth,0.024
Data/pth/nga_2018_1322.pth,0.4
Data/pth/nga_2013_643.pth,0.021
Data/pth/nga_2018_244.pth,0.524
Data/pth/nga_2018_39.pth,0.093
Data/pth/nga_2013_603.pth,0.008
Data/pth/nga_2018_1.pth,0.0
Data/pth/nga_2013_861.pth,0.044
Data/pth/nga_2013_544.pth,0.243
Data/pth/nga_2018_926.pth,0.018
Data/pth/nga_2013_172.pth,0.187
Data/pth/nga_2018_578.pth,0.126
Data/pth/nga_2013_566.pth,0.184
Data/pth/nga_2018_503.pth,0.24
Data/pth/nga_2018_904.pth,0.117
Data/pth/nga_2013_126.pth,0.18
Data/pth/nga_2018_126.pth,0.0
Data/pth/nga_2013_661.pth,0.0
Data/pth/nga_2018_16.pth,0.242
Data/pth/nga_2018_49.pth,0.052
Data/pth/nga_2013_811.pth,0.038
Data/pth/nga_2013_221.pth,0.317
Data/pth/nga_2018_1093.pth,0.0
Data/pth/nga_2013_565.pth,0.056
Data/pth/nga_2013_76.pth,0.367
Data/pth/nga_2018_473.pth,0.337
Data/pth/nga_2013_307.pth,0.708
Data/pth/nga_2018_1338.pth,0.0
Data/pth/nga_2018_789.pth,0.0
Data/pth/nga_2013_503.pth,0.048
Data/pth/nga_2018_1112.pth,0.069
Data/pth/nga_2013_44.pth,0.015
Data/pth/nga_2013_481.pth,0.491
Data/pth/nga_2013_439.pth,0.658
Data/pth/nga_2013_554.pth,0.232
Data/pth/nga_2013_516.pth,0.056
Data/pth/nga_2013_334.pth,0.046
Data/pth/nga_2013_532.pth,0.037
Data/pth/nga_2013_23.pth,0.312
Data/pth/nga_2013_313.pth,0.479
Data/pth/nga_2018_1233.pth,0.0
Data/pth/nga_2013_680.pth,0.057
Data/pth/nga_2013_88.pth,0.0
Data/pth/nga_2013_223.pth,0.014
Data/pth/nga_2018_1007.pth,0.282
Data/pth/nga_2013_572.pth,0.29
Data/pth/nga_2018_669.pth,0.793
Data/pth/nga_2018_53.pth,0.0
Data/pth/nga_2018_472.pth,0.157
Data/pth/nga_2018_223.pth,0.0
Data/pth/nga_2018_221.pth,0.058
Data/pth/nga_2013_95.pth,0.212
Data/pth/nga_2018_1268.pth,0.057
Data/pth/nga_2018_885.pth,0.056
Data/pth/nga_2013_216.pth,0.188
Data/pth/nga_2018_1302.pth,0.014
Data/pth/nga_2018_889.pth,0.14
Data/pth/nga_2018_72.pth,0.28
Data/pth/nga_2018_720.pth,0.018
Data/pth/nga_2018_976.pth,0.175
Data/pth/nga_2018_1196.pth,0.144
Data/pth/nga_2018_269.pth,0.305
Data/pth/nga_2018_1283.pth,0.307
Data/pth/nga_2013_488.pth,0.0
Data/pth/nga_2018_327.pth,0.107
Data/pth/nga_2018_175.pth,0.171
Data/pth/nga_2018_106.pth,0.208
Data/pth/nga_2013_534.pth,0.357
Data/pth/nga_2018_385.pth,0.243
Data/pth/nga_2018_378.pth,0.78
Data/pth/nga_2018_1026.pth,0.157
Data/pth/nga_2013_398.pth,0.171
Data/pth/nga_2018_930.pth,0.008
Data/pth/nga_2018_1292.pth,0.037
Data/pth/nga_2018_30.pth,0.181
Data/pth/nga_2018_792.pth,0.067
Data/pth/nga_2018_246.pth,0.298
Data/pth/nga_2013_486.pth,0.398
Data/pth/nga_2013_47.pth,0.404
Data/pth/nga_2018_224.pth,0.0
Data/pth/nga_2018_776.pth,0.031
Data/pth/nga_2018_367.pth,0.293
Data/pth/nga_2018_581.pth,0.626
Data/pth/nga_2018_165.pth,0.115
Data/pth/nga_2013_837.pth,0.0
Data/pth/nga_2018_726.pth,0.769
Data/pth/nga_2018_619.pth,0.593
Data/pth/nga_2018_316.pth,0.744
Data/pth/nga_2018_642.pth,0.606
Data/pth/nga_2013_258.pth,0.493
Data/pth/nga_2018_402.pth,0.0
Data/pth/nga_2013_200.pth,0.586
Data/pth/nga_2013_26.pth,0.018
Data/pth/nga_2018_1099.pth,0.0
Data/pth/nga_2013_290.pth,0.047
Data/pth/nga_2013_375.pth,0.335
Data/pth/nga_2018_476.pth,0.263
Data/pth/nga_2018_1125.pth,0.0
Data/pth/nga_2013_560.pth,0.01
Data/pth/nga_2018_251.pth,0.359
Data/pth/nga_2018_1363.pth,0.0
Data/pth/nga_2013_119.pth,0.171
Data/pth/nga_2018_1388.pth,0.0
Data/pth/nga_2018_102.pth,0.235
Data/pth/nga_2013_425.pth,0.641
Data/pth/nga_2013_817.pth,0.157
Data/pth/nga_2018_1238.pth,0.0
Data/pth/nga_2018_1281.pth,0.0
Data/pth/nga_2018_863.pth,0.203
Data/pth/nga_2018_202.pth,0.494
Data/pth/nga_2018_270.pth,0.215
Data/pth/nga_2018_1207.pth,0.0
Data/pth/nga_2018_643.pth,0.711
Data/pth/nga_2013_582.pth,0.018
Data/pth/nga_2018_913.pth,0.206
Data/pth/nga_2018_1225.pth,0.0
Data/pth/nga_2018_686.pth,0.154
Data/pth/nga_2018_1179.pth,0.304
Data/pth/nga_2018_1157.pth,0.0
Data/pth/nga_2018_539.pth,0.061
Data/pth/nga_2018_312.pth,0.461
Data/pth/nga_2013_321.pth,0.562
Data/pth/nga_2018_1001.pth,0.255
Data/pth/nga_2018_1319.pth,0.159
Data/pth/nga_2013_627.pth,0.0
Data/pth/nga_2018_814.pth,0.0
Data/pth/nga_2013_73.pth,0.13
Data/pth/nga_2018_1212.pth,0.0
Data/pth/nga_2018_1387.pth,0.028
Data/pth/nga_2018_1255.pth,0.0
Data/pth/nga_2013_677.pth,0.255
Data/pth/nga_2018_898.pth,0.097
Data/pth/nga_2018_274.pth,0.264
Data/pth/nga_2018_1230.pth,0.0
Data/pth/nga_2018_116.pth,0.774
Data/pth/nga_2013_215.pth,0.553
Data/pth/nga_2018_698.pth,0.636
Data/pth/nga_2013_512.pth,0.0
Data/pth/nga_2018_785.pth,0.075
Data/pth/nga_2013_483.pth,0.655
Data/pth/nga_2018_1144.pth,0.209
Data/pth/nga_2018_1244.pth,0.0
Data/pth/nga_2013_889.pth,0.056
Data/pth/nga_2018_1023.pth,0.182
Data/pth/nga_2018_445.pth,0.585
Data/pth/nga_2013_415.pth,0.581
Data/pth/nga_2018_860.pth,0.317
Data/pth/nga_2018_418.pth,0.699
Data/pth/nga_2013_559.pth,0.047
Data/pth/nga_2018_114.pth,0.371
Data/pth/nga_2013_705.pth,0.008
Data/pth/nga_2018_195.pth,0.546
Data/pth/nga_2018_609.pth,0.189
Data/pth/nga_2018_844.pth,0.221
Data/pth/nga_2018_331.pth,0.256
Data/pth/nga_2018_851.pth,0.033
Data/pth/nga_2018_359.pth,0.591
Data/pth/nga_2018_111.pth,0.699
Data/pth/nga_2018_220.pth,0.04
Data/pth/nga_2013_318.pth,0.753
Data/pth/nga_2013_832.pth,0.005
Data/pth/nga_2013_676.pth,0.028
Data/pth/nga_2018_521.pth,0.0
Data/pth/nga_2013_62.pth,0.177
Data/pth/nga_2013_236.pth,0.499
Data/pth/nga_2018_317.pth,0.255
Data/pth/nga_2018_802.pth,0.0
Data/pth/nga_2018_502.pth,0.661
Data/pth/nga_2018_1040.pth,0.159
Data/pth/nga_2018_1033.pth,0.029
Data/pth/nga_2018_1118.pth,0.077
Data/pth/nga_2013_173.pth,0.362
Data/pth/nga_2018_1391.pth,0.519
Data/pth/nga_2018_131.pth,0.038
Data/pth/nga_2018_988.pth,0.094
Data/pth/nga_2018_772.pth,0.143
Data/pth/nga_2013_892.pth,0.418
Data/pth/nga_2018_442.pth,0.142
Data/pth/nga_2013_777.pth,0.0
Data/pth/nga_2013_434.pth,0.672
Data/pth/nga_2013_260.pth,0.524
Data/pth/nga_2018_804.pth,0.0
Data/pth/nga_2013_249.pth,0.706
Data/pth/nga_2018_384.pth,0.285
Data/pth/nga_2018_237.pth,0.186
Data/pth/nga_2018_379.pth,0.448
Data/pth/nga_2018_505.pth,0.68
Data/pth/nga_2018_749.pth,0.556
Data/pth/nga_2013_197.pth,0.7
Data/pth/nga_2018_640.pth,0.25
Data/pth/nga_2013_209.pth,0.66
Data/pth/nga_2013_688.pth,0.154
Data/pth/nga_2018_405.pth,0.071
Data/pth/nga_2018_1147.pth,0.0
Data/pth/nga_2018_453.pth,0.669
Data/pth/nga_2013_800.pth,0.014
Data/pth/nga_2018_52.pth,0.089
Data/pth/nga_2018_557.pth,0.0
Data/pth/nga_2018_1309.pth,0.061
Data/pth/nga_2013_281.pth,0.127
Data/pth/nga_2013_188.pth,0.093
Data/pth/nga_2018_99.pth,0.263
Data/pth/nga_2018_376.pth,0.664
Data/pth/nga_2018_1143.pth,0.0
Data/pth/nga_2018_1210.pth,0.0
Data/pth/nga_2013_262.pth,0.587
Data/pth/nga_2018_113.pth,0.174
Data/pth/nga_2013_842.pth,0.453
Data/pth/nga_2013_1.pth,0.308
Data/pth/nga_2013_803.pth,0.0
Data/pth/nga_2018_430.pth,0.415
Data/pth/nga_2018_921.pth,0.058
Data/pth/nga_2013_74.pth,0.284
Data/pth/nga_2018_313.pth,0.577
Data/pth/nga_2013_323.pth,0.604
Data/pth/nga_2018_1288.pth,0.057
Data/pth/nga_2018_1384.pth,0.345
Data/pth/nga_2018_393.pth,0.357
Data/pth/nga_2018_506.pth,0.158
Data/pth/nga_2018_1365.pth,0.088
Data/pth/nga_2013_654.pth,0.104
Data/pth/nga_2018_450.pth,0.765
Data/pth/nga_2013_706.pth,0.034
Data/pth/nga_2013_460.pth,0.521
Data/pth/nga_2013_273.pth,0.518
Data/pth/nga_2013_467.pth,0.732
Data/pth/nga_2013_480.pth,0.616
Data/pth/nga_2018_799.pth,0.076
Data/pth/nga_2013_137.pth,0.511
Data/pth/nga_2018_905.pth,0.0
Data/pth/nga_2013_242.pth,0.103
Data/pth/nga_2013_491.pth,0.0
Data/pth/nga_2018_1327.pth,0.097
Data/pth/nga_2013_156.pth,0.217
Data/pth/nga_2018_492.pth,0.512
Data/pth/nga_2013_295.pth,0.716
Data/pth/nga_2018_832.pth,0.414
Data/pth/nga_2018_1278.pth,0.215
Data/pth/nga_2018_1215.pth,0.0
Data/pth/nga_2018_992.pth,0.298
Data/pth/nga_2018_120.pth,0.106
Data/pth/nga_2013_655.pth,0.143
Data/pth/nga_2018_680.pth,0.681
Data/pth/nga_2013_598.pth,0.043
Data/pth/nga_2018_1345.pth,0.0
Data/pth/nga_2018_1140.pth,0.0
Data/pth/nga_2018_308.pth,0.618
Data/pth/nga_2018_828.pth,0.0
Data/pth/nga_2018_1240.pth,0.0
Data/pth/nga_2018_1163.pth,0.059
Data/pth/nga_2013_191.pth,0.605
Data/pth/nga_2018_413.pth,0.29
Data/pth/nga_2018_647.pth,0.091
Data/pth/nga_2018_1126.pth,0.092
Data/pth/nga_2013_537.pth,0.111
Data/pth/nga_2013_580.pth,0.165
Data/pth/nga_2018_800.pth,0.0
Data/pth/nga_2018_276.pth,0.357
Data/pth/nga_2018_124.pth,0.0
Data/pth/nga_2013_384.pth,0.519
Data/pth/nga_2013_199.pth,0.539
Data/pth/nga_2018_1182.pth,0.189
Data/pth/nga_2018_737.pth,0.563
Data/pth/nga_2018_526.pth,0.662
Data/pth/nga_2013_255.pth,0.193
Data/pth/nga_2018_805.pth,0.0
Data/pth/nga_2018_1171.pth,0.0
Data/pth/nga_2018_1016.pth,0.0
Data/pth/nga_2013_274.pth,0.404
Data/pth/nga_2013_874.pth,0.023
Data/pth/nga_2018_580.pth,0.613
Data/pth/nga_2018_44.pth,0.0
Data/pth/nga_2018_1032.pth,0.199
Data/pth/nga_2018_1124.pth,0.0
Data/pth/nga_2013_374.pth,0.367
Data/pth/nga_2013_189.pth,0.617
Data/pth/nga_2013_632.pth,0.173
Data/pth/nga_2013_192.pth,0.452
Data/pth/nga_2018_1056.pth,0.01
Data/pth/nga_2013_883.pth,0.07
Data/pth/nga_2018_486.pth,0.764
Data/pth/nga_2018_511.pth,0.0
Data/pth/nga_2018_1359.pth,0.0
Data/pth/nga_2018_50.pth,0.037
Data/pth/nga_2018_794.pth,0.185
Data/pth/nga_2018_93.pth,0.477
Data/pth/nga_2018_780.pth,0.04
Data/pth/nga_2018_668.pth,0.662
Data/pth/nga_2018_168.pth,0.272
Data/pth/nga_2018_349.pth,0.77
Data/pth/nga_2018_1158.pth,0.156
Data/pth/nga_2018_1329.pth,0.048
Data/pth/nga_2018_736.pth,0.513
Data/pth/nga_2018_1276.pth,0.0
Data/pth/nga_2013_796.pth,0.043
Data/pth/nga_2013_650.pth,0.0
Data/pth/nga_2018_489.pth,0.394
Data/pth/nga_2018_1087.pth,0.123
Data/pth/nga_2013_75.pth,0.248
Data/pth/nga_2013_653.pth,0.116
Data/pth/nga_2018_1271.pth,0.0
Data/pth/nga_2018_1291.pth,0.059
Data/pth/nga_2018_155.pth,0.361
Data/pth/nga_2013_397.pth,0.555
Data/pth/nga_2013_279.pth,0.279
Data/pth/nga_2018_355.pth,0.56
Data/pth/nga_2013_616.pth,0.016
Data/pth/nga_2018_1067.pth,0.325
Data/pth/nga_2018_604.pth,0.605
Data/pth/nga_2018_64.pth,0.0
Data/pth/nga_2018_1256.pth,0.0
Data/pth/nga_2018_532.pth,0.426
Data/pth/nga_2013_901.pth,0.739
Data/pth/nga_2013_802.pth,0.0
Data/pth/nga_2013_664.pth,0.018
Data/pth/nga_2018_922.pth,0.052
Data/pth/nga_2013_316.pth,0.538
Data/pth/nga_2013_226.pth,0.038
Data/pth/nga_2018_1170.pth,0.237
Data/pth/nga_2018_290.pth,0.106
Data/pth/nga_2018_709.pth,0.6
Data/pth/nga_2018_1166.pth,0.037
Data/pth/nga_2018_166.pth,0.07
Data/pth/nga_2013_617.pth,0.135
Data/pth/nga_2013_678.pth,0.125
Data/pth/nga_2018_333.pth,0.284
Data/pth/nga_2018_1393.pth,0.194
Data/pth/nga_2018_1377.pth,0.0
Data/pth/nga_2018_154.pth,0.033
Data/pth/nga_2013_139.pth,0.019
Data/pth/nga_2018_77.pth,0.127
Data/pth/nga_2018_977.pth,0.146
Data/pth/nga_2013_438.pth,0.657
Data/pth/nga_2013_895.pth,0.07
Data/pth/nga_2018_1248.pth,0.11
Data/pth/nga_2018_1221.pth,0.0
Data/pth/nga_2013_463.pth,0.553
Data/pth/nga_2018_560.pth,0.185
Data/pth/nga_2018_1364.pth,0.0
Data/pth/nga_2018_1018.pth,0.0
Data/pth/nga_2018_62.pth,0.0
Data/pth/nga_2018_1366.pth,0.062
Data/pth/nga_2018_1066.pth,0.14
Data/pth/nga_2018_112.pth,0.719
Data/pth/nga_2013_854.pth,0.091
Data/pth/nga_2013_864.pth,0.0
Data/pth/nga_2013_551.pth,0.145
Data/pth/nga_2013_63.pth,0.135
Data/pth/nga_2018_225.pth,0.0
Data/pth/nga_2018_936.pth,0.0
Data/pth/nga_2013_822.pth,0.008
Data/pth/nga_2018_1113.pth,0.437
Data/pth/nga_2018_1085.pth,0.194
Data/pth/nga_2018_19.pth,0.332
Data/pth/nga_2018_812.pth,0.0
Data/pth/nga_2013_704.pth,0.0
Data/pth/nga_2013_404.pth,0.168
Data/pth/nga_2018_81.pth,0.0
Data/pth/nga_2018_767.pth,0.145
Data/pth/nga_2013_178.pth,0.404
Data/pth/nga_2018_1002.pth,0.284
Data/pth/nga_2018_164.pth,0.101
Data/pth/nga_2013_167.pth,0.278
Data/pth/nga_2018_721.pth,0.297
Data/pth/nga_2013_350.pth,0.165
Data/pth/nga_2018_271.pth,0.509
Data/pth/nga_2018_326.pth,0.5
Data/pth/nga_2018_1012.pth,0.234
Data/pth/nga_2018_524.pth,0.0
Data/pth/nga_2018_258.pth,0.046
Data/pth/nga_2018_624.pth,0.562
Data/pth/nga_2018_125.pth,0.164
Data/pth/nga_2013_311.pth,0.613
Data/pth/nga_2018_685.pth,0.0
Data/pth/nga_2013_84.pth,0.0
Data/pth/nga_2013_140.pth,0.067
Data/pth/nga_2018_833.pth,0.331
Data/pth/nga_2013_248.pth,0.788
Data/pth/nga_2013_94.pth,0.172
Data/pth/nga_2018_1370.pth,0.152
Data/pth/nga_2018_946.pth,0.0
Data/pth/nga_2018_448.pth,0.718
Data/pth/nga_2018_588.pth,0.689
Data/pth/nga_2018_763.pth,0.03
Data/pth/nga_2018_296.pth,0.6
Data/pth/nga_2013_237.pth,0.606
Data/pth/nga_2018_184.pth,0.0
Data/pth/nga_2018_1105.pth,0.123
Data/pth/nga_2018_45.pth,0.045
Data/pth/nga_2018_411.pth,0.322
Data/pth/nga_2018_28.pth,0.195
Data/pth/nga_2018_177.pth,0.075
Data/pth/nga_2018_759.pth,0.0
Data/pth/nga_2013_790.pth,0.021
Data/pth/nga_2013_330.pth,0.617
Data/pth/nga_2018_1337.pth,0.0
Data/pth/nga_2018_387.pth,0.403
Data/pth/nga_2013_594.pth,0.158
Data/pth/nga_2013_391.pth,0.577
Data/pth/nga_2018_1313.pth,0.091
Data/pth/nga_2018_98.pth,0.242
Data/pth/nga_2018_181.pth,0.0
Data/pth/nga_2018_347.pth,0.647
Data/pth/nga_2018_1374.pth,0.0
Data/pth/nga_2013_336.pth,0.408
Data/pth/nga_2018_499.pth,0.478
Data/pth/nga_2018_483.pth,0.6
Data/pth/nga_2018_245.pth,0.482
Data/pth/nga_2013_337.pth,0.636
Data/pth/nga_2018_770.pth,0.074
Data/pth/nga_2018_69.pth,0.363
Data/pth/nga_2018_594.pth,0.345
Data/pth/nga_2018_263.pth,0.24
Data/pth/nga_2018_622.pth,0.158
Data/pth/nga_2013_589.pth,0.054
Data/pth/nga_2018_906.pth,0.008
Data/pth/nga_2018_1348.pth,0.0
Data/pth/nga_2018_959.pth,0.217
Data/pth/nga_2018_15.pth,0.397
Data/pth/nga_2018_406.pth,0.339
Data/pth/nga_2018_78.pth,0.062
Data/pth/nga_2018_577.pth,0.456
Data/pth/nga_2018_1267.pth,0.0
Data/pth/nga_2018_1062.pth,0.0
Data/pth/nga_2013_665.pth,0.1
Data/pth/nga_2018_664.pth,0.224
Data/pth/nga_2013_805.pth,0.018
Data/pth/nga_2018_447.pth,0.763
Data/pth/nga_2018_978.pth,0.058
Data/pth/nga_2018_1053.pth,0.0
Data/pth/nga_2018_1237.pth,0.0
Data/pth/nga_2018_565.pth,0.03
Data/pth/nga_2018_1074.pth,0.093
Data/pth/nga_2018_377.pth,0.757
Data/pth/nga_2013_206.pth,0.609
Data/pth/nga_2018_1010.pth,0.058
Data/pth/nga_2018_381.pth,0.655
Data/pth/nga_2018_1399.pth,0.585
Data/pth/nga_2013_309.pth,0.345
Data/pth/nga_2018_750.pth,0.632
Data/pth/nga_2013_394.pth,0.393
Data/pth/nga_2013_866.pth,0.141
Data/pth/nga_2018_1259.pth,0.0
Data/pth/nga_2018_634.pth,0.665
Data/pth/nga_2013_562.pth,0.0
Data/pth/nga_2018_180.pth,0.0
Data/pth/nga_2018_886.pth,0.0
Data/pth/nga_2018_249.pth,0.412
Data/pth/nga_2018_718.pth,0.632
Data/pth/nga_2018_357.pth,0.667
Data/pth/nga_2013_816.pth,0.085
Data/pth/nga_2013_631.pth,0.114
Data/pth/nga_2013_410.pth,0.741
Data/pth/nga_2018_1239.pth,0.0
Data/pth/nga_2018_651.pth,0.24
Data/pth/nga_2018_827.pth,0.0
Data/pth/nga_2018_399.pth,0.319
Data/pth/nga_2013_535.pth,0.271
Data/pth/nga_2018_1367.pth,0.188
Data/pth/nga_2018_1025.pth,0.14
Data/pth/nga_2013_49.pth,0.088
Data/pth/nga_2018_658.pth,0.565
Data/pth/nga_2013_169.pth,0.108
Data/pth/nga_2018_517.pth,0.0
Data/pth/nga_2018_711.pth,0.722
Data/pth/nga_2018_232.pth,0.067
Data/pth/nga_2018_564.pth,0.163
Data/pth/nga_2013_111.pth,0.235
Data/pth/nga_2018_1017.pth,0.0
Data/pth/nga_2018_424.pth,0.502
Data/pth/nga_2013_304.pth,0.593
Data/pth/nga_2018_371.pth,0.299
Data/pth/nga_2018_1036.pth,0.099
Data/pth/nga_2013_89.pth,0.105
Data/pth/nga_2018_351.pth,0.598
Data/pth/nga_2013_299.pth,0.703
Data/pth/nga_2018_775.pth,0.0
Data/pth/nga_2013_219.pth,0.3
Data/pth/nga_2013_504.pth,0.125
Data/pth/nga_2018_728.pth,0.715
Data/pth/nga_2013_896.pth,0.492
Data/pth/nga_2018_1334.pth,0.023
Data/pth/nga_2018_1356.pth,0.061
Data/pth/nga_2018_1263.pth,0.0
Data/pth/nga_2018_1052.pth,0.058
Data/pth/nga_2018_1035.pth,0.224
Data/pth/nga_2018_1000.pth,0.0
Data/pth/nga_2018_138.pth,0.35
Data/pth/nga_2013_489.pth,0.0
Data/pth/nga_2013_597.pth,0.012
Data/pth/nga_2018_458.pth,0.549
Data/pth/nga_2018_1252.pth,0.0
Data/pth/nga_2018_1340.pth,0.03
Data/pth/nga_2018_1104.pth,0.0
Data/pth/nga_2018_199.pth,0.208
Data/pth/nga_2018_117.pth,0.368
Data/pth/nga_2013_51.pth,0.076
Data/pth/nga_2013_762.pth,0.043
Data/pth/nga_2018_1341.pth,0.049
Data/pth/nga_2018_176.pth,0.14
Data/pth/nga_2013_326.pth,0.138
Data/pth/nga_2018_390.pth,0.748
Data/pth/nga_2013_416.pth,0.415
Data/pth/nga_2018_163.pth,0.114
Data/pth/nga_2013_149.pth,0.047
Data/pth/nga_2013_518.pth,0.006
Data/pth/nga_2013_685.pth,0.014
Data/pth/nga_2018_42.pth,0.01
Data/pth/nga_2018_14.pth,0.197
Data/pth/nga_2013_526.pth,0.026
Data/pth/nga_2018_1254.pth,0.0
Data/pth/nga_2013_482.pth,0.31
Data/pth/nga_2013_447.pth,0.555
Data/pth/nga_2018_307.pth,0.139
Data/pth/nga_2013_325.pth,0.605
Data/pth/nga_2018_182.pth,0.074
Data/pth/nga_2013_239.pth,0.338
Data/pth/nga_2013_263.pth,0.437
Data/pth/nga_2018_342.pth,0.419
Data/pth/nga_2013_420.pth,0.15
Data/pth/nga_2018_635.pth,0.397
Data/pth/nga_2013_168.pth,0.185
Data/pth/nga_2013_268.pth,0.402
Data/pth/nga_2013_383.pth,0.615
Data/pth/nga_2018_321.pth,0.585
Data/pth/nga_2018_417.pth,0.589
Data/pth/nga_2018_1358.pth,0.026
Data/pth/nga_2013_468.pth,0.661
Data/pth/nga_2018_1044.pth,0.0
Data/pth/nga_2018_523.pth,0.0
Data/pth/nga_2018_1086.pth,0.076
Data/pth/nga_2018_1290.pth,0.032
Data/pth/nga_2013_423.pth,0.139
Data/pth/nga_2013_760.pth,0.109
Data/pth/nga_2018_1234.pth,0.0
Data/pth/nga_2018_47.pth,0.0
Data/pth/nga_2018_809.pth,0.0
Data/pth/nga_2018_323.pth,0.477
Data/pth/nga_2018_980.pth,0.252
Data/pth/nga_2018_356.pth,0.371
Data/pth/nga_2018_1108.pth,0.092
Data/pth/nga_2013_85.pth,0.0
Data/pth/nga_2018_894.pth,0.165
Data/pth/nga_2018_300.pth,0.208
Data/pth/nga_2013_835.pth,0.015
Data/pth/nga_2013_887.pth,0.009
Data/pth/nga_2018_139.pth,0.1
Data/pth/nga_2018_21.pth,0.246
Data/pth/nga_2018_790.pth,0.076
Data/pth/nga_2018_1091.pth,0.0
Data/pth/nga_2018_478.pth,0.515
Data/pth/nga_2018_966.pth,0.0
Data/pth/nga_2018_982.pth,0.035
Data/pth/nga_2018_997.pth,0.111
Data/pth/nga_2018_500.pth,0.491
Data/pth/nga_2013_431.pth,0.72
Data/pth/nga_2018_593.pth,0.562
Data/pth/nga_2018_295.pth,0.264
Data/pth/nga_2018_778.pth,0.03
Data/pth/nga_2018_1202.pth,0.076
Data/pth/nga_2018_842.pth,0.056
Data/pth/nga_2018_103.pth,0.207
Data/pth/nga_2018_1092.pth,0.013
Data/pth/nga_2018_973.pth,0.0
Data/pth/nga_2018_803.pth,0.0
Data/pth/nga_2013_690.pth,0.057
Data/pth/nga_2018_1205.pth,0.0
Data/pth/nga_2018_1354.pth,0.019
Data/pth/nga_2018_1386.pth,0.054
Data/pth/nga_2013_407.pth,0.633
Data/pth/nga_2013_346.pth,0.211
Data/pth/nga_2013_386.pth,0.403
Data/pth/nga_2013_840.pth,0.349
Data/pth/nga_2018_160.pth,0.467
Data/pth/nga_2018_228.pth,0.389
Data/pth/nga_2013_418.pth,0.658
Data/pth/nga_2013_691.pth,0.0
Data/pth/nga_2013_791.pth,0.0
Data/pth/nga_2013_428.pth,0.646
Data/pth/nga_2013_461.pth,0.602
Data/pth/nga_2018_1335.pth,0.136
Data/pth/nga_2018_962.pth,0.0
Data/pth/nga_2018_144.pth,0.203
Data/pth/nga_2018_1167.pth,0.127
Data/pth/nga_2013_818.pth,0.009
Data/pth/nga_2018_233.pth,0.171
Data/pth/nga_2018_556.pth,0.204
Data/pth/nga_2013_141.pth,0.125
Data/pth/nga_2018_200.pth,0.275
Data/pth/nga_2018_264.pth,0.245
Data/pth/nga_2018_211.pth,0.111
Data/pth/nga_2018_522.pth,0.028
Data/pth/nga_2018_1211.pth,0.0
Data/pth/nga_2018_1353.pth,0.028
Data/pth/nga_2013_768.pth,0.087
Data/pth/nga_2018_1030.pth,0.136
Data/pth/nga_2018_68.pth,0.029
Data/pth/nga_2013_66.pth,0.044
Data/pth/nga_2013_243.pth,0.302
Data/pth/nga_2018_589.pth,0.46
Data/pth/nga_2018_434.pth,0.38
Data/pth/nga_2013_904.pth,0.085
Data/pth/nga_2013_606.pth,0.0
Data/pth/nga_2018_457.pth,0.742
Data/pth/nga_2013_269.pth,0.333
Data/pth/nga_2013_67.pth,0.021
Data/pth/nga_2013_21.pth,0.024
Data/pth/nga_2018_1049.pth,0.0
Data/pth/nga_2018_389.pth,0.623
Data/pth/nga_2013_435.pth,0.635
Data/pth/nga_2018_242.pth,0.367
Data/pth/nga_2013_897.pth,0.098
Data/pth/nga_2018_801.pth,0.053
Data/pth/nga_2013_367.pth,0.251
Data/pth/nga_2013_804.pth,0.026
Data/pth/nga_2013_116.pth,0.072
Data/pth/nga_2018_1031.pth,0.0
Data/pth/nga_2018_440.pth,0.496
Data/pth/nga_2013_181.pth,0.3
Data/pth/nga_2013_903.pth,0.478
Data/pth/nga_2018_1257.pth,0.0
Data/pth/nga_2018_1155.pth,0.158
Data/pth/nga_2013_18.pth,0.004
Data/pth/nga_2018_459.pth,0.768
Data/pth/nga_2018_74.pth,0.263
Data/pth/nga_2018_186.pth,0.244
Data/pth/nga_2018_1048.pth,0.044
Data/pth/nga_2018_407.pth,0.661
Data/pth/nga_2018_1361.pth,0.037
Data/pth/nga_2018_1189.pth,0.0
Data/pth/nga_2018_133.pth,0.009
Data/pth/nga_2018_1258.pth,0.0
Data/pth/nga_2018_415.pth,0.446
Data/pth/nga_2018_65.pth,0.049
Data/pth/nga_2018_255.pth,0.119
Data/pth/nga_2018_555.pth,0.077
Data/pth/nga_2018_1273.pth,0.0
Data/pth/nga_2018_569.pth,0.511
Data/pth/nga_2018_291.pth,0.152
Data/pth/nga_2013_251.pth,0.553
Data/pth/nga_2018_148.pth,0.135
Data/pth/nga_2013_900.pth,0.019
Data/pth/nga_2018_475.pth,0.423
Data/pth/nga_2013_815.pth,0.249
Data/pth/nga_2013_880.pth,0.0
Data/pth/nga_2018_975.pth,0.127
Data/pth/nga_2018_34.pth,0.149
Data/pth/nga_2018_531.pth,0.537
Data/pth/nga_2013_454.pth,0.204
Data/pth/nga_2013_52.pth,0.169
Data/pth/nga_2013_280.pth,0.627
Data/pth/nga_2018_487.pth,0.466
Data/pth/nga_2018_123.pth,0.144
Data/pth/nga_2018_929.pth,0.032
Data/pth/nga_2018_1150.pth,0.0
Data/pth/nga_2013_177.pth,0.498
Data/pth/nga_2018_765.pth,0.0
Data/pth/nga_2018_178.pth,0.244
Data/pth/nga_2018_1080.pth,0.16
Data/pth/nga_2013_452.pth,0.309
Data/pth/nga_2013_312.pth,0.552
Data/pth/nga_2018_985.pth,0.013
Data/pth/nga_2018_761.pth,0.0
Data/pth/nga_2013_845.pth,0.25
Data/pth/nga_2013_160.pth,0.333
Data/pth/nga_2018_762.pth,0.0
Data/pth/nga_2013_43.pth,0.105
Data/pth/nga_2018_854.pth,0.1
Data/pth/nga_2018_1260.pth,0.0
Data/pth/nga_2018_297.pth,0.741
Data/pth/nga_2013_462.pth,0.259
Data/pth/nga_2018_248.pth,0.566
Data/pth/nga_2018_153.pth,0.109
Data/pth/nga_2018_454.pth,0.516
Data/pth/nga_2013_6.pth,0.326
Data/pth/nga_2013_451.pth,0.651
Data/pth/nga_2013_648.pth,0.065
Data/pth/nga_2018_1324.pth,0.0
Data/pth/nga_2013_825.pth,0.062
Data/pth/nga_2013_70.pth,0.032
Data/pth/nga_2013_37.pth,0.013
Data/pth/nga_2018_1286.pth,0.221
Data/pth/nga_2013_509.pth,0.002
Data/pth/nga_2018_1153.pth,0.0
Data/pth/nga_2018_601.pth,0.567
Data/pth/nga_2018_260.pth,0.121
Data/pth/nga_2013_372.pth,0.481
Data/pth/nga_2018_1394.pth,0.155
Data/pth/nga_2013_633.pth,0.244
Data/pth/nga_2013_624.pth,0.11
Data/pth/nga_2013_98.pth,0.221
Data/pth/nga_2018_79.pth,0.07
Data/pth/nga_2018_598.pth,0.523
Data/pth/nga_2013_542.pth,0.354
Data/pth/nga_2013_50.pth,0.133
Data/pth/nga_2018_1064.pth,0.0
Data/pth/nga_2013_80.pth,0.1
Data/pth/nga_2013_12.pth,0.395
Data/pth/nga_2013_41.pth,0.332
Data/pth/nga_2013_408.pth,0.692
Data/pth/nga_2018_544.pth,0.186
Data/pth/nga_2013_254.pth,0.628
Data/pth/nga_2013_3.pth,0.199
Data/pth/nga_2013_646.pth,0.121
Data/pth/nga_2013_529.pth,0.012
Data/pth/nga_2018_699.pth,0.401
Data/pth/nga_2013_466.pth,0.663
Data/pth/nga_2018_1176.pth,0.0
Data/pth/nga_2018_708.pth,0.687
Data/pth/nga_2013_429.pth,0.733
Data/pth/nga_2018_819.pth,0.0
Data/pth/nga_2018_1300.pth,0.0
Data/pth/nga_2018_423.pth,0.551
Data/pth/nga_2018_993.pth,0.225
Data/pth/nga_2013_117.pth,0.401
Data/pth/nga_2013_657.pth,0.156
Data/pth/nga_2013_57.pth,0.425
Data/pth/nga_2013_36.pth,0.0
Data/pth/nga_2013_107.pth,0.168
Data/pth/nga_2013_573.pth,0.24
Data/pth/nga_2013_770.pth,0.05
Data/pth/nga_2018_1208.pth,0.0
Data/pth/nga_2018_553.pth,0.3
Data/pth/nga_2013_869.pth,0.054
Data/pth/nga_2013_474.pth,0.704
Data/pth/nga_2013_543.pth,0.34
Data/pth/nga_2013_264.pth,0.388
Data/pth/nga_2018_161.pth,0.26
Data/pth/nga_2018_876.pth,0.104
Data/pth/nga_2013_25.pth,0.099
Data/pth/nga_2018_679.pth,0.649
Data/pth/nga_2018_677.pth,0.462
Data/pth/nga_2018_547.pth,0.45
Data/pth/nga_2013_517.pth,0.192
Data/pth/nga_2013_105.pth,0.204
Data/pth/nga_2013_19.pth,0.05
Data/pth/nga_2013_568.pth,0.064
Data/pth/nga_2013_765.pth,0.058
Data/pth/nga_2013_484.pth,0.615
Data/pth/nga_2018_332.pth,0.231
Data/pth/nga_2018_324.pth,0.338
Data/pth/nga_2018_309.pth,0.281
Data/pth/nga_2018_774.pth,0.0
Data/pth/nga_2018_1136.pth,0.133
Data/pth/nga_2013_787.pth,0.0
Data/pth/nga_2018_1295.pth,0.061
Data/pth/nga_2013_599.pth,0.113
Data/pth/nga_2018_890.pth,0.059
Data/pth/nga_2018_716.pth,0.735
Data/pth/nga_2018_1197.pth,0.0
Data/pth/nga_2018_757.pth,0.0
Data/pth/nga_2018_875.pth,0.0
Data/pth/nga_2018_675.pth,0.569
Data/pth/nga_2018_1034.pth,0.135
Data/pth/nga_2018_273.pth,0.588
Data/pth/nga_2013_122.pth,0.672
Data/pth/nga_2018_923.pth,0.0
Data/pth/nga_2013_293.pth,0.493
Data/pth/nga_2018_391.pth,0.475
Data/pth/nga_2018_1336.pth,0.0
Data/pth/nga_2018_729.pth,0.64
Data/pth/nga_2018_972.pth,0.072
Data/pth/nga_2018_996.pth,0.0
Data/pth/nga_2013_91.pth,0.139
Data/pth/nga_2018_656.pth,0.679
Data/pth/nga_2018_497.pth,0.493
Data/pth/nga_2018_1083.pth,0.265
Data/pth/nga_2013_446.pth,0.669
Data/pth/nga_2018_1098.pth,0.0
Data/pth/nga_2013_176.pth,0.287
Data/pth/nga_2013_34.pth,0.0
Data/pth/nga_2018_514.pth,0.588
Data/pth/nga_2018_374.pth,0.775
Data/pth/nga_2013_180.pth,0.546
Data/pth/nga_2013_813.pth,0.002
Data/pth/nga_2013_235.pth,0.665
Data/pth/nga_2018_897.pth,0.054
Data/pth/nga_2018_365.pth,0.218
Data/pth/nga_2018_960.pth,0.038
Data/pth/nga_2013_506.pth,0.151
Data/pth/nga_2013_282.pth,0.39
Data/pth/nga_2013_702.pth,0.04
Data/pth/nga_2018_796.pth,0.034
Data/pth/nga_2018_546.pth,0.213
Data/pth/nga_2018_498.pth,0.786
Data/pth/nga_2018_820.pth,0.0
Data/pth/nga_2013_359.pth,0.215
Data/pth/nga_2018_292.pth,0.049
Data/pth/nga_2018_612.pth,0.164
Data/pth/nga_2018_771.pth,0.159
Data/pth/nga_2013_671.pth,0.019
Data/pth/nga_2013_108.pth,0.005
Data/pth/nga_2018_29.pth,0.148
Data/pth/nga_2013_700.pth,0.03
Data/pth/nga_2013_511.pth,0.038
Data/pth/nga_2018_631.pth,0.664
Data/pth/nga_2013_145.pth,0.075
Data/pth/nga_2018_614.pth,0.471
Data/pth/nga_2018_1183.pth,0.122
Data/pth/nga_2018_1285.pth,0.105
Data/pth/nga_2013_113.pth,0.363
Data/pth/nga_2018_617.pth,0.426
Data/pth/nga_2013_783.pth,0.054
Data/pth/nga_2018_1198.pth,0.0
Data/pth/nga_2013_584.pth,0.012
Data/pth/nga_2018_61.pth,0.111
Data/pth/nga_2013_683.pth,0.068
Data/pth/nga_2018_816.pth,0.043
Data/pth/nga_2018_37.pth,0.295
Data/pth/nga_2018_1039.pth,0.348
Data/pth/nga_2018_795.pth,0.0
Data/pth/nga_2018_751.pth,0.318
Data/pth/nga_2013_339.pth,0.177
Data/pth/nga_2018_1159.pth,0.0
Data/pth/nga_2013_419.pth,0.578
Data/pth/nga_2018_262.pth,0.339
Data/pth/nga_2013_609.pth,0.075
Data/pth/nga_2018_187.pth,0.242
Data/pth/nga_2018_766.pth,0.0
Data/pth/nga_2013_789.pth,0.03
Data/pth/nga_2018_1308.pth,0.287
Data/pth/nga_2018_1047.pth,0.126
Data/pth/nga_2013_660.pth,0.0
Data/pth/nga_2018_797.pth,0.0
Data/pth/nga_2018_1076.pth,0.0
Data/pth/nga_2013_332.pth,0.016
Data/pth/nga_2013_658.pth,0.2
Data/pth/nga_2013_793.pth,0.0
Data/pth/nga_2013_696.pth,0.032
Data/pth/nga_2018_1059.pth,0.08
Data/pth/nga_2018_1289.pth,0.052
Data/pth/nga_2018_1134.pth,0.0
Data/pth/nga_2018_432.pth,0.27
Data/pth/nga_2013_548.pth,0.12
Data/pth/nga_2013_228.pth,0.559
Data/pth/nga_2013_547.pth,0.335
Data/pth/nga_2013_843.pth,0.11
Data/pth/nga_2013_100.pth,0.265
Data/pth/nga_2018_963.pth,0.018
Data/pth/nga_2013_519.pth,0.028
Data/pth/nga_2013_240.pth,0.345
Data/pth/nga_2013_479.pth,0.629
Data/pth/nga_2013_305.pth,0.101
Data/pth/nga_2018_1299.pth,0.09
Data/pth/nga_2018_611.pth,0.138
Data/pth/nga_2013_858.pth,0.036
Data/pth/nga_2018_494.pth,0.659
Data/pth/nga_2018_895.pth,0.27
Data/pth/nga_2013_27.pth,0.027
Data/pth/nga_2018_330.pth,0.134
Data/pth/nga_2013_847.pth,0.152
Data/pth/nga_2018_284.pth,0.476
Data/pth/nga_2013_389.pth,0.329
Data/pth/nga_2018_1261.pth,0.059
Data/pth/nga_2013_823.pth,0.012
Data/pth/nga_2018_1375.pth,0.0
Data/pth/nga_2013_101.pth,0.057
Data/pth/nga_2013_356.pth,0.521
Data/pth/nga_2018_1050.pth,0.0
Data/pth/nga_2018_1270.pth,0.165
Data/pth/nga_2013_2.pth,0.242
Data/pth/nga_2018_951.pth,0.02
Data/pth/nga_2013_510.pth,0.0
Data/pth/nga_2018_558.pth,0.283
Data/pth/nga_2018_1121.pth,0.0
Data/pth/nga_2018_953.pth,0.0
Data/pth/nga_2013_202.pth,0.728
Data/pth/nga_2013_327.pth,0.465
Data/pth/nga_2018_1102.pth,0.0
Data/pth/nga_2013_674.pth,0.363
Data/pth/nga_2018_236.pth,0.322
Data/pth/nga_2018_732.pth,0.742
Data/pth/nga_2013_363.pth,0.157
Data/pth/nga_2018_1228.pth,0.063
Data/pth/nga_2018_559.pth,0.259
Data/pth/nga_2018_132.pth,0.0
Data/pth/nga_2013_344.pth,0.586
Data/pth/nga_2013_24.pth,0.248
Data/pth/nga_2018_638.pth,0.268
Data/pth/nga_2018_1203.pth,0.0
Data/pth/nga_2013_186.pth,0.187
Data/pth/nga_2013_640.pth,0.026
Data/pth/nga_2013_846.pth,0.151
Data/pth/nga_2018_207.pth,0.618
Data/pth/nga_2018_1320.pth,0.152
Data/pth/nga_2018_6.pth,0.19
Data/pth/nga_2018_482.pth,0.53
Data/pth/nga_2013_495.pth,0.199
Data/pth/nga_2018_463.pth,0.603
Data/pth/nga_2018_1106.pth,0.014
Data/pth/nga_2013_124.pth,0.048
Data/pth/nga_2013_155.pth,0.109
Data/pth/nga_2013_378.pth,0.473
Data/pth/nga_2018_861.pth,0.335
Data/pth/nga_2013_473.pth,0.058
Data/pth/nga_2013_204.pth,0.63
Data/pth/nga_2018_1400.pth,0.0
Data/pth/nga_2018_335.pth,0.217
Data/pth/nga_2013_345.pth,0.511
Data/pth/nga_2013_433.pth,0.696
Data/pth/nga_2013_774.pth,0.009
Data/pth/nga_2018_196.pth,0.396
Data/pth/nga_2013_110.pth,0.389
Data/pth/nga_2018_725.pth,0.156
Data/pth/nga_2018_1372.pth,0.034
Data/pth/nga_2018_1114.pth,0.0
Data/pth/nga_2018_51.pth,0.0
Data/pth/nga_2018_341.pth,0.507
Data/pth/nga_2018_1046.pth,0.117
Data/pth/nga_2018_60.pth,0.503
Data/pth/nga_2018_1315.pth,0.168
Data/pth/nga_2018_919.pth,0.034
Data/pth/nga_2013_322.pth,0.518
Data/pth/nga_2013_9.pth,0.067
Data/pth/nga_2013_442.pth,0.599
Data/pth/nga_2018_214.pth,0.139
Data/pth/nga_2018_173.pth,0.232
Data/pth/nga_2018_755.pth,0.075
Data/pth/nga_2018_914.pth,0.0
Data/pth/nga_2018_301.pth,0.338
Data/pth/nga_2013_487.pth,0.38
Data/pth/nga_2013_779.pth,0.013
Data/pth/nga_2013_220.pth,0.381
Data/pth/nga_2018_265.pth,0.33
Data/pth/nga_2018_954.pth,0.147
Data/pth/nga_2018_1312.pth,0.009
Data/pth/nga_2018_468.pth,0.406
Data/pth/nga_2018_691.pth,0.413
Data/pth/nga_2013_545.pth,0.195
Data/pth/nga_2018_562.pth,0.164
Data/pth/nga_2013_86.pth,0.061
Data/pth/nga_2013_575.pth,0.088
Data/pth/nga_2013_470.pth,0.55
Data/pth/nga_2018_439.pth,0.095
Data/pth/nga_2013_642.pth,0.02
Data/pth/nga_2018_443.pth,0.155
Data/pth/nga_2013_377.pth,0.386
Data/pth/nga_2018_1022.pth,0.208
Data/pth/nga_2018_1095.pth,0.018
Data/pth/nga_2018_543.pth,0.299
Data/pth/nga_2018_537.pth,0.256
Data/pth/nga_2018_362.pth,0.372
Data/pth/nga_2013_413.pth,0.404
Data/pth/nga_2013_637.pth,0.201
Data/pth/nga_2013_647.pth,0.084
Data/pth/nga_2018_66.pth,0.375
Data/pth/nga_2018_130.pth,0.0
Data/pth/nga_2018_462.pth,0.694
Data/pth/nga_2013_485.pth,0.669
Data/pth/nga_2013_182.pth,0.459
Data/pth/nga_2013_595.pth,0.022
Data/pth/nga_2018_322.pth,0.354
Data/pth/nga_2013_515.pth,0.004
Data/pth/nga_2013_440.pth,0.171
Data/pth/nga_2018_2.pth,0.0
Data/pth/nga_2018_8.pth,0.01
Data/pth/nga_2018_397.pth,0.025
Data/pth/nga_2013_46.pth,0.243
Data/pth/nga_2013_401.pth,0.209
Data/pth/nga_2018_579.pth,0.301
Data/pth/nga_2018_519.pth,0.0
Data/pth/nga_2018_777.pth,0.0
Data/pth/nga_2018_806.pth,0.0
Data/pth/nga_2018_395.pth,0.252
Data/pth/nga_2013_285.pth,0.557
Data/pth/nga_2018_561.pth,0.026
Data/pth/nga_2018_429.pth,0.481
Data/pth/nga_2013_93.pth,0.049
Data/pth/nga_2013_183.pth,0.113
Data/pth/nga_2018_1223.pth,0.0
Data/pth/nga_2013_286.pth,0.654
Data/pth/nga_2018_1184.pth,0.1
Data/pth/nga_2018_1054.pth,0.0
Data/pth/nga_2018_847.pth,0.139
Data/pth/nga_2013_287.pth,0.732
Data/pth/nga_2013_196.pth,0.322
Data/pth/nga_2018_620.pth,0.733
Data/pth/nga_2013_387.pth,0.633
Data/pth/nga_2013_78.pth,0.074
Data/pth/nga_2013_158.pth,0.164
Data/pth/nga_2018_566.pth,0.0
Data/pth/nga_2018_641.pth,0.455
Data/pth/nga_2018_859.pth,0.244
Data/pth/nga_2018_311.pth,0.244
Data/pth/nga_2013_798.pth,0.005
Data/pth/nga_2013_128.pth,0.552
Data/pth/nga_2018_95.pth,0.169
Data/pth/nga_2018_530.pth,0.638
Data/pth/nga_2013_53.pth,0.185
Data/pth/nga_2013_376.pth,0.575
Data/pth/nga_2018_606.pth,0.175
Data/pth/nga_2018_1352.pth,0.0
Data/pth/nga_2013_875.pth,0.063
Data/pth/nga_2018_414.pth,0.363
Data/pth/nga_2018_672.pth,0.746
Data/pth/nga_2013_65.pth,0.122
Data/pth/nga_2013_329.pth,0.398
Data/pth/nga_2018_540.pth,0.323
Data/pth/nga_2013_824.pth,0.003
Data/pth/nga_2018_857.pth,0.082
Data/pth/nga_2013_812.pth,0.037
Data/pth/nga_2018_525.pth,0.0
Data/pth/nga_2018_591.pth,0.658
Data/pth/nga_2018_670.pth,0.778
Data/pth/nga_2018_373.pth,0.083
Data/pth/nga_2018_1172.pth,0.0
Data/pth/nga_2018_822.pth,0.0
Data/pth/nga_2018_41.pth,0.0
Data/pth/nga_2018_1368.pth,0.097
Data/pth/nga_2018_510.pth,0.063
Data/pth/nga_2018_931.pth,0.148
Data/pth/nga_2018_1232.pth,0.046
Data/pth/nga_2018_1073.pth,0.008
Data/pth/nga_2018_626.pth,0.35
Data/pth/nga_2013_338.pth,0.124
Data/pth/nga_2018_46.pth,0.0
Data/pth/nga_2018_1311.pth,0.153
Data/pth/nga_2013_571.pth,0.119
Data/pth/nga_2013_502.pth,0.05
Data/pth/nga_2013_411.pth,0.669
Data/pth/nga_2013_830.pth,0.237
Data/pth/nga_2018_1191.pth,0.0
Data/pth/nga_2013_666.pth,0.259
Data/pth/nga_2013_276.pth,0.142
Data/pth/nga_2013_613.pth,0.161
Data/pth/nga_2018_705.pth,0.246
Data/pth/nga_2018_1347.pth,0.0
Data/pth/nga_2013_878.pth,0.009
Data/pth/nga_2013_393.pth,0.185
Data/pth/nga_2018_678.pth,0.093
Data/pth/nga_2018_818.pth,0.054
Data/pth/nga_2013_794.pth,0.057
Data/pth/nga_2013_628.pth,0.009
Data/pth/nga_2018_652.pth,0.379
Data/pth/nga_2013_494.pth,0.108
Data/pth/nga_2013_289.pth,0.63
Data/pth/nga_2018_1307.pth,0.015
Data/pth/nga_2018_730.pth,0.665
Data/pth/nga_2018_1242.pth,0.0
Data/pth/nga_2018_105.pth,0.252
Data/pth/nga_2018_782.pth,0.007
Data/pth/nga_2018_947.pth,0.111
Data/pth/nga_2013_275.pth,0.347
Data/pth/nga_2013_31.pth,0.021
Data/pth/nga_2013_834.pth,0.07
Data/pth/nga_2013_58.pth,0.228
Data/pth/nga_2013_187.pth,0.012
Data/pth/nga_2013_320.pth,0.492
Data/pth/nga_2013_297.pth,0.736
Data/pth/nga_2018_1133.pth,0.0
Data/pth/nga_2013_333.pth,0.038
Data/pth/nga_2013_261.pth,0.629
Data/pth/nga_2013_87.pth,0.034
Data/pth/nga_2018_1396.pth,0.366
Data/pth/nga_2013_245.pth,0.277
Data/pth/nga_2013_576.pth,0.082
Data/pth/nga_2018_551.pth,0.069
Data/pth/nga_2018_479.pth,0.41
Data/pth/nga_2018_431.pth,0.103
Data/pth/nga_2013_799.pth,0.0
Data/pth/nga_2013_668.pth,0.238
Data/pth/nga_2018_821.pth,0.099
Data/pth/nga_2018_206.pth,0.338
Data/pth/nga_2018_238.pth,0.12
Data/pth/nga_2018_684.pth,0.102
Data/pth/nga_2018_504.pth,0.464
Data/pth/nga_2013_546.pth,0.13
Data/pth/nga_2018_229.pth,0.358
Data/pth/nga_2013_523.pth,0.0
Data/pth/nga_2018_32.pth,0.253
Data/pth/nga_2018_1021.pth,0.138
Data/pth/nga_2018_1116.pth,0.222
Data/pth/nga_2018_903.pth,0.024
Data/pth/nga_2018_1328.pth,0.057
Data/pth/nga_2013_131.pth,0.448
Data/pth/nga_2013_656.pth,0.086
Data/pth/nga_2013_10.pth,0.21
Data/pth/nga_2013_132.pth,0.006
Data/pth/nga_2018_350.pth,0.14
Data/pth/nga_2013_626.pth,0.241
Data/pth/nga_2013_265.pth,0.354
Data/pth/nga_2013_134.pth,0.569
Data/pth/nga_2018_1398.pth,0.0
Data/pth/nga_2018_1057.pth,0.0
Data/pth/nga_2018_167.pth,0.104
Data/pth/nga_2018_592.pth,0.155
Data/pth/nga_2018_334.pth,0.12
Data/pth/nga_2018_280.pth,0.394
Data/pth/nga_2018_343.pth,0.79
Data/pth/nga_2018_907.pth,0.131
Data/pth/nga_2013_38.pth,0.016
Data/pth/nga_2013_635.pth,0.145
Data/pth/nga_2018_208.pth,0.112
Data/pth/nga_2013_296.pth,0.427
Data/pth/nga_2013_406.pth,0.666
Data/pth/nga_2018_1148.pth,0.0
Data/pth/nga_2013_681.pth,0.03
Data/pth/nga_2018_1130.pth,0.0
Data/pth/nga_2018_1318.pth,0.145
Data/pth/nga_2018_491.pth,0.657
Data/pth/nga_2013_533.pth,0.0
Data/pth/nga_2013_610.pth,0.121
Data/pth/nga_2018_618.pth,0.09
Data/pth/nga_2018_110.pth,0.542
Data/pth/nga_2013_59.pth,0.031
Data/pth/nga_2013_81.pth,0.07
Data/pth/nga_2013_148.pth,0.028
Data/pth/nga_2018_1101.pth,0.094
Data/pth/nga_2013_513.pth,0.182
Data/pth/nga_2018_760.pth,0.0
Data/pth/nga_2013_577.pth,0.027
Data/pth/nga_2018_1333.pth,0.095
Data/pth/nga_2013_607.pth,0.0
Data/pth/nga_2018_71.pth,0.345
Data/pth/nga_2013_195.pth,0.479
Data/pth/nga_2013_549.pth,0.271
Data/pth/nga_2018_536.pth,0.594
Data/pth/nga_2018_1115.pth,0.151
Data/pth/nga_2013_611.pth,0.171
Data/pth/nga_2013_246.pth,0.106
Data/pth/nga_2018_845.pth,0.06
Data/pth/nga_2013_351.pth,0.56
Data/pth/nga_2018_213.pth,0.521
Data/pth/nga_2018_1209.pth,0.0
Data/pth/nga_2018_231.pth,0.33
Data/pth/nga_2013_392.pth,0.652
Data/pth/nga_2018_252.pth,0.506
Data/pth/nga_2018_416.pth,0.474
Data/pth/nga_2018_952.pth,0.078
Data/pth/nga_2013_159.pth,0.214
Data/pth/nga_2018_419.pth,0.249
Data/pth/nga_2018_516.pth,0.127
Data/pth/nga_2013_129.pth,0.39
Data/pth/nga_2018_352.pth,0.367
Data/pth/nga_2018_80.pth,0.014
Data/pth/nga_2018_1392.pth,0.026
Data/pth/nga_2013_498.pth,0.034
Data/pth/nga_2018_421.pth,0.377
Data/pth/nga_2018_298.pth,0.591
Data/pth/nga_2018_829.pth,0.0
Data/pth/nga_2018_955.pth,0.0
Data/pth/nga_2018_739.pth,0.597
Data/pth/nga_2018_152.pth,0.028
Data/pth/nga_2018_939.pth,0.224
Data/pth/nga_2013_773.pth,0.023
Data/pth/nga_2018_554.pth,0.247
Data/pth/nga_2018_587.pth,0.47
Data/pth/nga_2018_644.pth,0.463
Data/pth/nga_2013_471.pth,0.334
Data/pth/nga_2018_613.pth,0.0
Data/pth/nga_2013_15.pth,0.104
Data/pth/nga_2018_653.pth,0.588
Data/pth/nga_2013_694.pth,0.138
Data/pth/nga_2013_898.pth,0.007
Data/pth/nga_2013_163.pth,0.505
Data/pth/nga_2018_1355.pth,0.215
Data/pth/nga_2013_222.pth,0.033
Data/pth/nga_2018_758.pth,0.0
Data/pth/nga_2013_7.pth,0.309
Data/pth/nga_2018_216.pth,0.054
Data/pth/nga_2018_1199.pth,0.0
Data/pth/nga_2018_1188.pth,0.026
Data/pth/nga_2018_911.pth,0.087
Data/pth/nga_2013_208.pth,0.301
Data/pth/nga_2013_833.pth,0.015
Data/pth/nga_2018_1213.pth,0.0
Data/pth/nga_2013_464.pth,0.562
Data/pth/nga_2013_371.pth,0.538
Data/pth/nga_2018_910.pth,0.096
Data/pth/nga_2018_1164.pth,0.0
Data/pth/nga_2018_957.pth,0.0
Data/pth/nga_2018_994.pth,0.109
Data/pth/nga_2018_212.pth,0.487
Data/pth/nga_2018_1227.pth,0.0
Data/pth/nga_2013_241.pth,0.235
Data/pth/nga_2013_267.pth,0.014
Data/pth/nga_2018_190.pth,0.598
Data/pth/nga_2013_198.pth,0.377
Data/pth/nga_2018_89.pth,0.0
Data/pth/nga_2018_1138.pth,0.19
Data/pth/nga_2013_364.pth,0.245
Data/pth/nga_2013_507.pth,0.045
Data/pth/nga_2013_218.pth,0.528
Data/pth/nga_2013_591.pth,0.003
Data/pth/nga_2013_890.pth,0.008
Data/pth/nga_2013_147.pth,0.021
Data/pth/nga_2018_1362.pth,0.0
Data/pth/nga_2013_171.pth,0.092
Data/pth/nga_2018_1123.pth,0.0
Data/pth/nga_2013_623.pth,0.083
Data/pth/nga_2013_459.pth,0.508
Data/pth/nga_2013_785.pth,0.104
Data/pth/nga_2018_294.pth,0.665
Data/pth/nga_2013_96.pth,0.108
Data/pth/nga_2018_657.pth,0.711
Data/pth/nga_2018_87.pth,0.0
Data/pth/nga_2018_86.pth,0.161
Data/pth/nga_2013_441.pth,0.547
Data/pth/nga_2013_894.pth,0.464
Data/pth/nga_2018_958.pth,0.05
Data/pth/nga_2018_596.pth,0.653
Data/pth/nga_2018_999.pth,0.199
Data/pth/nga_2018_746.pth,0.53
Data/pth/nga_2013_56.pth,0.0
Data/pth/nga_2018_1275.pth,0.161
Data/pth/nga_2018_1200.pth,0.0
Data/pth/nga_2018_1224.pth,0.0
Data/pth/nga_2018_1314.pth,0.041
Data/pth/nga_2013_521.pth,0.028
Data/pth/nga_2018_807.pth,0.0
Data/pth/nga_2018_989.pth,0.126
Data/pth/nga_2013_524.pth,0.042
Data/pth/nga_2018_36.pth,0.334
Data/pth/nga_2018_428.pth,0.545
Data/pth/nga_2018_9.pth,0.0
Data/pth/nga_2013_232.pth,0.614
Data/pth/nga_2013_201.pth,0.621
Data/pth/nga_2013_103.pth,0.248
Data/pth/nga_2018_645.pth,0.377
Data/pth/nga_2018_1279.pth,0.0
Data/pth/nga_2018_1177.pth,0.04
Data/pth/nga_2013_838.pth,0.0
Data/pth/nga_2018_927.pth,0.009
Data/pth/nga_2018_576.pth,0.125
Data/pth/nga_2018_1152.pth,0.0
Data/pth/nga_2018_881.pth,0.0
Data/pth/nga_2013_497.pth,0.038
Data/pth/nga_2018_660.pth,0.795
Data/pth/nga_2013_17.pth,0.139
Data/pth/nga_2018_879.pth,0.0
Data/pth/nga_2018_964.pth,0.0
Data/pth/nga_2018_427.pth,0.484
Data/pth/nga_2013_662.pth,0.186
Data/pth/nga_2018_1109.pth,0.051
Data/pth/nga_2018_446.pth,0.65
Data/pth/nga_2018_277.pth,0.032
Data/pth/nga_2018_354.pth,0.337
Data/pth/nga_2018_783.pth,0.034
Data/pth/nga_2013_708.pth,0.011
Data/pth/nga_2018_938.pth,0.167
Data/pth/nga_2013_465.pth,0.62
Data/pth/nga_2013_445.pth,0.487
Data/pth/nga_2018_282.pth,0.165
Data/pth/nga_2018_573.pth,0.363
Data/pth/nga_2018_348.pth,0.368
Data/pth/nga_2013_430.pth,0.633
Data/pth/nga_2018_779.pth,0.0
Data/pth/nga_2013_259.pth,0.128
Data/pth/nga_2013_868.pth,0.152
Data/pth/nga_2018_289.pth,0.424
Data/pth/nga_2013_79.pth,0.036
Data/pth/nga_2018_288.pth,0.2
Data/pth/nga_2013_841.pth,0.48
Data/pth/nga_2018_1127.pth,0.03
Data/pth/nga_2018_1154.pth,0.0
Data/pth/nga_2013_68.pth,0.044
Data/pth/nga_2018_302.pth,0.787
Data/pth/nga_2018_1075.pth,0.204
Data/pth/nga_2013_564.pth,0.05
Data/pth/nga_2018_315.pth,0.568
Data/pth/nga_2013_771.pth,0.008
Data/pth/nga_2018_1253.pth,0.067
Data/pth/nga_2013_645.pth,0.188
Data/pth/nga_2018_408.pth,0.339
Data/pth/nga_2013_687.pth,0.077
Data/pth/nga_2018_1161.pth,0.061
Data/pth/nga_2018_1395.pth,0.029
Data/pth/nga_2018_884.pth,0.0
Data/pth/nga_2018_990.pth,0.068
Data/pth/nga_2013_303.pth,0.738
Data/pth/nga_2018_764.pth,0.027
Data/pth/nga_2018_115.pth,0.144
Data/pth/nga_2018_509.pth,0.8
Data/pth/nga_2018_465.pth,0.458
Data/pth/nga_2018_714.pth,0.467
Data/pth/nga_2013_379.pth,0.297
Data/pth/nga_2013_55.pth,0.164
Data/pth/nga_2018_915.pth,0.063
Data/pth/nga_2013_40.pth,0.0
Data/pth/nga_2013_283.pth,0.476
Data/pth/nga_2013_300.pth,0.673
Data/pth/nga_2013_570.pth,0.107
Data/pth/nga_2018_22.pth,0.143
Data/pth/nga_2018_449.pth,0.685
Data/pth/nga_2018_1009.pth,0.031
Data/pth/nga_2018_1193.pth,0.228
Data/pth/nga_2018_143.pth,0.0
Data/pth/nga_2018_865.pth,0.128
Data/pth/nga_2013_72.pth,0.202
Data/pth/nga_2018_1096.pth,0.0
Data/pth/nga_2018_401.pth,0.154
Data/pth/nga_2018_727.pth,0.782
Data/pth/nga_2018_654.pth,0.423
Data/pth/nga_2018_717.pth,0.785
Data/pth/nga_2013_161.pth,0.463
Data/pth/nga_2013_855.pth,0.085
Data/pth/nga_2013_496.pth,0.24
Data/pth/nga_2018_1060.pth,0.0
Data/pth/nga_2018_1282.pth,0.0
Data/pth/nga_2018_215.pth,0.284
Data/pth/nga_2018_1110.pth,0.139
Data/pth/nga_2018_1357.pth,0.28
Data/pth/nga_2018_683.pth,0.285
Data/pth/nga_2018_183.pth,0.04
Data/pth/nga_2018_268.pth,0.394
Data/pth/nga_2013_669.pth,0.081
Data/pth/nga_2013_455.pth,0.125
Data/pth/nga_2018_1107.pth,0.083
Data/pth/nga_2018_386.pth,0.722
Data/pth/nga_2018_1103.pth,0.0
Data/pth/nga_2018_887.pth,0.091
Data/pth/nga_2018_1246.pth,0.0
Data/pth/nga_2018_665.pth,0.631
Data/pth/nga_2018_671.pth,0.659
Data/pth/nga_2018_17.pth,0.191
Data/pth/nga_2018_18.pth,0.218
Data/pth/nga_2018_293.pth,0.0
Data/pth/nga_2013_829.pth,0.038
Data/pth/nga_2018_306.pth,0.639
Data/pth/nga_2018_896.pth,0.096
Data/pth/nga_2018_616.pth,0.173
Data/pth/nga_2013_150.pth,0.051
Data/pth/nga_2018_151.pth,0.261
Data/pth/nga_2013_314.pth,0.412
Data/pth/nga_2013_651.pth,0.002
Data/pth/nga_2018_127.pth,0.095
Data/pth/nga_2018_745.pth,0.493
Data/pth/nga_2013_872.pth,0.0
Data/pth/nga_2018_1343.pth,0.303
Data/pth/nga_2018_723.pth,0.43
Data/pth/nga_2013_448.pth,0.601
Data/pth/nga_2013_797.pth,0.0
Data/pth/nga_2018_950.pth,0.0
Data/pth/nga_2018_846.pth,0.102
Data/pth/nga_2013_342.pth,0.655
Data/pth/nga_2018_346.pth,0.343
Data/pth/nga_2018_585.pth,0.486
Data/pth/nga_2018_55.pth,0.069
Data/pth/nga_2018_441.pth,0.073
Data/pth/nga_2018_129.pth,0.0
Data/pth/nga_2013_341.pth,0.439
Data/pth/nga_2018_768.pth,0.212
Data/pth/nga_2018_1265.pth,0.0
Data/pth/nga_2018_615.pth,0.469
Data/pth/nga_2018_570.pth,0.258
Data/pth/nga_2018_338.pth,0.031
Data/pth/nga_2018_400.pth,0.204
Data/pth/nga_2013_778.pth,0.011
Data/pth/nga_2018_1274.pth,0.156
Data/pth/nga_2018_189.pth,0.265
Data/pth/nga_2018_84.pth,0.252
Data/pth/nga_2018_912.pth,0.0
Data/pth/nga_2018_1071.pth,0.064
Data/pth/nga_2013_365.pth,0.22
Data/pth/nga_2013_857.pth,0.056
Data/pth/nga_2013_899.pth,0.038
Data/pth/nga_2013_873.pth,0.002
Data/pth/nga_2018_1077.pth,0.0
Data/pth/nga_2013_493.pth,0.24
Data/pth/nga_2013_809.pth,0.075
Data/pth/nga_2018_791.pth,0.233
Data/pth/nga_2018_1156.pth,0.199
Data/pth/nga_2018_185.pth,0.199
Data/pth/nga_2013_210.pth,0.284
Data/pth/nga_2018_704.pth,0.473
Data/pth/nga_2018_549.pth,0.252
Data/pth/nga_2018_877.pth,0.053
Data/pth/nga_2018_888.pth,0.167
Data/pth/nga_2018_1019.pth,0.0
Data/pth/nga_2013_22.pth,0.34
Data/pth/nga_2018_361.pth,0.339
Data/pth/nga_2018_917.pth,0.0
Data/pth/nga_2018_901.pth,0.0
Data/pth/nga_2018_495.pth,0.695
Data/pth/nga_2013_867.pth,0.041
Data/pth/nga_2018_834.pth,0.125
Data/pth/nga_2018_257.pth,0.102
Data/pth/nga_2013_567.pth,0.163
Data/pth/nga_2013_581.pth,0.026
Data/pth/nga_2018_344.pth,0.684
Data/pth/nga_2013_400.pth,0.358
Data/pth/nga_2018_781.pth,0.0
Data/pth/nga_2018_1174.pth,0.018
Data/pth/nga_2013_808.pth,0.021
Data/pth/nga_2018_872.pth,0.124
Data/pth/nga_2018_648.pth,0.283
Data/pth/nga_2018_337.pth,0.239
Data/pth/nga_2013_561.pth,0.0
Data/pth/nga_2018_940.pth,0.0
Data/pth/nga_2018_201.pth,0.532
Data/pth/nga_2018_528.pth,0.073
Data/pth/nga_2018_1139.pth,0.039
Data/pth/nga_2013_427.pth,0.655
Data/pth/nga_2018_40.pth,0.136
Data/pth/nga_2013_673.pth,0.249
Data/pth/nga_2018_991.pth,0.198
Data/pth/nga_2018_141.pth,0.143
Data/pth/nga_2013_60.pth,0.004
Data/pth/nga_2018_899.pth,0.254
Data/pth/nga_2018_24.pth,0.155
Data/pth/nga_2018_738.pth,0.598
Data/pth/nga_2013_33.pth,0.0
Data/pth/nga_2018_3.pth,0.023
Data/pth/nga_2013_82.pth,0.025
Data/pth/nga_2018_455.pth,0.72
Data/pth/nga_2018_1117.pth,0.079
Data/pth/nga_2018_1015.pth,0.083
Data/pth/nga_2018_574.pth,0.469
Data/pth/nga_2018_1195.pth,0.036
Data/pth/nga_2013_14.pth,0.229
Data/pth/nga_2018_1310.pth,0.211
Data/pth/nga_2018_924.pth,0.056
Data/pth/nga_2013_469.pth,0.738
Data/pth/nga_2013_782.pth,0.135
Data/pth/nga_2018_197.pth,0.655
Data/pth/nga_2018_404.pth,0.35
Data/pth/nga_2018_1293.pth,0.0
Data/pth/nga_2013_71.pth,0.1
Data/pth/nga_2018_971.pth,0.161
Data/pth/nga_2018_403.pth,0.0
Data/pth/nga_2018_256.pth,0.328
Data/pth/nga_2018_234.pth,0.09
Data/pth/nga_2013_20.pth,0.241
Data/pth/nga_2018_1373.pth,0.036
Data/pth/nga_2013_476.pth,0.396
Data/pth/nga_2018_92.pth,0.012
Data/pth/nga_2013_162.pth,0.059
Data/pth/nga_2018_866.pth,0.102
Data/pth/nga_2018_1119.pth,0.204
Data/pth/nga_2018_527.pth,0.012
Data/pth/nga_2013_130.pth,0.364
Data/pth/nga_2013_238.pth,0.664
Data/pth/nga_2018_353.pth,0.71
Data/pth/nga_2013_679.pth,0.208
Data/pth/nga_2018_590.pth,0.546
Data/pth/nga_2018_655.pth,0.719
Data/pth/nga_2013_170.pth,0.218
Data/pth/nga_2018_310.pth,0.788
Data/pth/nga_2013_29.pth,0.0
Data/pth/nga_2018_109.pth,0.083
Data/pth/nga_2013_28.pth,0.056
Data/pth/nga_2013_357.pth,0.479
Data/pth/nga_2013_205.pth,0.474
Data/pth/nga_2013_230.pth,0.331
Data/pth/nga_2018_942.pth,0.0
Data/pth/nga_2018_945.pth,0.14
Data/pth/nga_2013_850.pth,0.062
Data/pth/nga_2018_426.pth,0.551
Data/pth/nga_2018_712.pth,0.658
Data/pth/nga_2013_64.pth,0.066
Data/pth/nga_2018_650.pth,0.261
Data/pth/nga_2018_974.pth,0.0
Data/pth/nga_2018_1090.pth,0.097
Data/pth/nga_2018_471.pth,0.347
Data/pth/nga_2013_707.pth,0.039
Data/pth/nga_2018_1111.pth,0.0
Data/pth/nga_2018_787.pth,0.0
Data/pth/nga_2018_412.pth,0.08
Data/pth/nga_2018_1051.pth,0.085
Data/pth/nga_2018_398.pth,0.555
Data/pth/nga_2018_90.pth,0.077
Data/pth/nga_2018_188.pth,0.0
Data/pth/nga_2018_339.pth,0.38
Data/pth/nga_2013_856.pth,0.03
Data/pth/nga_2018_1128.pth,0.0
Data/pth/nga_2013_349.pth,0.015
Data/pth/nga_2018_786.pth,0.04
Data/pth/nga_2018_1385.pth,0.0
Data/pth/nga_2018_961.pth,0.103
Data/pth/nga_2018_27.pth,0.056
Data/pth/nga_2018_488.pth,0.53
Data/pth/nga_2018_1206.pth,0.032
Data/pth/nga_2018_1122.pth,0.032
Data/pth/nga_2018_1371.pth,0.0
Data/pth/nga_2018_986.pth,0.074
Data/pth/nga_2018_941.pth,0.0
Data/pth/nga_2018_1229.pth,0.0
Data/pth/nga_2018_1129.pth,0.0
Data/pth/nga_2013_306.pth,0.549
Data/pth/nga_2018_149.pth,0.124
Data/pth/nga_2018_275.pth,0.381
Data/pth/nga_2018_1041.pth,0.068
Data/pth/nga_2018_1024.pth,0.124
Data/pth/nga_2018_695.pth,0.686
Data/pth/nga_2018_893.pth,0.0
Data/pth/nga_2018_967.pth,0.26
Data/pth/nga_2018_1063.pth,0.0
Data/pth/nga_2018_466.pth,0.644
Data/pth/nga_2013_586.pth,0.139
Data/pth/nga_2013_151.pth,0.541
Data/pth/nga_2018_467.pth,0.606
Data/pth/nga_2018_250.pth,0.2
Data/pth/nga_2018_70.pth,0.315
Data/pth/nga_2018_1269.pth,0.0
Data/pth/nga_2018_75.pth,0.0
Data/pth/nga_2018_1378.pth,0.0
Data/pth/nga_2018_35.pth,0.131
Data/pth/nga_2018_965.pth,0.241
Data/pth/nga_2018_541.pth,0.625
Data/pth/nga_2018_59.pth,0.077
Data/pth/nga_2018_1245.pth,0.0
Data/pth/nga_2018_1005.pth,0.007
Data/pth/nga_2018_891.pth,0.216
Data/pth/nga_2018_451.pth,0.679
Data/pth/nga_2018_548.pth,0.105
Data/pth/nga_2018_97.pth,0.121
Data/pth/nga_2018_287.pth,0.594
Data/pth/nga_2018_119.pth,0.0
Data/pth/nga_2018_1084.pth,0.146
Data/pth/nga_2018_1173.pth,0.0
Data/pth/nga_2018_283.pth,0.493
Data/pth/nga_2018_1243.pth,0.017
Data/pth/nga_2018_621.pth,0.513
Data/pth/nga_2013_814.pth,0.259
Data/pth/nga_2018_101.pth,0.228
Data/pth/nga_2013_553.pth,0.422
Data/pth/nga_2013_207.pth,0.719
Data/pth/nga_2018_222.pth,0.054
Data/pth/nga_2013_699.pth,0.0
Data/pth/nga_2018_108.pth,0.323
Data/pth/nga_2018_1141.pth,0.161
Data/pth/nga_2018_230.pth,0.187
Data/pth/nga_2018_697.pth,0.721
Data/pth/nga_2018_1380.pth,0.038
Data/pth/nga_2013_133.pth,0.199
Data/pth/nga_2013_492.pth,0.175
Data/pth/nga_2018_513.pth,0.288
Data/pth/nga_2018_496.pth,0.426
Data/pth/nga_2013_801.pth,0.0
Data/pth/nga_2018_627.pth,0.604
Data/pth/nga_2018_204.pth,0.604
Data/pth/nga_2018_366.pth,0.009
Data/pth/nga_2013_638.pth,0.196
Data/pth/nga_2013_659.pth,0.158
Data/pth/nga_2018_864.pth,0.185
Data/pth/nga_2013_104.pth,0.402
Data/pth/nga_2013_146.pth,0.019
Data/pth/nga_2013_652.pth,0.159
Data/pth/nga_2018_629.pth,0.662
Data/pth/nga_2018_769.pth,0.083
Data/pth/nga_2013_522.pth,0.036
Data/pth/nga_2013_819.pth,0.01
Data/pth/nga_2018_1003.pth,0.0
Data/pth/nga_2013_368.pth,0.231
Data/pth/nga_2018_793.pth,0.064
Data/pth/nga_2013_4.pth,0.202
Data/pth/nga_2018_870.pth,0.0
Data/pth/nga_2018_663.pth,0.437
Data/pth/nga_2018_1231.pth,0.0
Data/pth/nga_2018_25.pth,0.185
Data/pth/nga_2018_1294.pth,0.104
Data/pth/nga_2018_908.pth,0.0
Data/pth/nga_2018_363.pth,0.468
Data/pth/nga_2018_1397.pth,0.075
Data/pth/nga_2018_159.pth,0.364
Data/pth/nga_2013_766.pth,0.036
Data/pth/nga_2018_583.pth,0.628
Data/pth/nga_2013_863.pth,0.062
Data/pth/nga_2018_1262.pth,0.021
Data/pth/nga_2013_472.pth,0.66
Data/pth/nga_2013_615.pth,0.13
Data/pth/nga_2018_1390.pth,0.423
Data/pth/nga_2013_277.pth,0.454
Data/pth/nga_2018_1216.pth,0.0
Data/pth/nga_2018_850.pth,0.0
Data/pth/nga_2018_674.pth,0.748
Data/pth/nga_2018_753.pth,0.189
Data/pth/nga_2018_20.pth,0.26
Data/pth/nga_2013_541.pth,0.236
Data/pth/nga_2018_571.pth,0.41
Data/pth/nga_2013_355.pth,0.634
Data/pth/nga_2013_256.pth,0.449
Data/pth/nga_2013_211.pth,0.373
Data/pth/nga_2013_786.pth,0.01
Data/pth/nga_2013_500.pth,0.031
Data/pth/nga_2013_121.pth,0.192
Data/pth/nga_2013_630.pth,0.065
Data/pth/nga_2018_916.pth,0.036
Data/pth/nga_2018_1181.pth,0.275
Data/pth/nga_2013_194.pth,0.736
Data/pth/nga_2018_121.pth,0.0
Data/pth/nga_2013_698.pth,0.426
Data/pth/nga_2018_700.pth,0.479
Data/pth/nga_2018_1317.pth,0.077
Data/pth/nga_2013_272.pth,0.626
Data/pth/nga_2013_298.pth,0.676
Data/pth/nga_2013_528.pth,0.068
Data/pth/nga_2013_233.pth,0.618
Data/pth/nga_2018_696.pth,0.591
Data/pth/nga_2018_702.pth,0.685
Data/pth/nga_2018_1068.pth,0.168
Data/pth/nga_2018_535.pth,0.469
Data/pth/nga_2018_1332.pth,0.0
Data/pth/nga_2013_39.pth,0.0
Data/pth/nga_2018_788.pth,0.03
Data/pth/nga_2018_744.pth,0.694
Data/pth/nga_2013_885.pth,0.005
Data/pth/nga_2013_592.pth,0.194
Data/pth/nga_2018_925.pth,0.094
Data/pth/nga_2018_1214.pth,0.0
Data/pth/nga_2018_902.pth,0.061
Data/pth/nga_2013_852.pth,0.059
Data/pth/nga_2013_477.pth,0.77
Data/pth/nga_2013_348.pth,0.188
Data/pth/nga_2018_319.pth,0.586
Data/pth/nga_2013_588.pth,0.033
Data/pth/nga_2018_1266.pth,0.0
Data/pth/nga_2018_198.pth,0.436
Data/pth/nga_2013_270.pth,0.659
Data/pth/nga_2018_608.pth,0.274
Data/pth/nga_2013_48.pth,0.026
Data/pth/nga_2018_748.pth,0.701
Data/pth/nga_2013_229.pth,0.388
Data/pth/nga_2013_499.pth,0.035
Data/pth/nga_2018_13.pth,0.351
Data/pth/nga_2018_358.pth,0.333
Data/pth/nga_2018_659.pth,0.508
Data/pth/nga_2018_798.pth,0.0
Data/pth/nga_2018_345.pth,0.403
Data/pth/nga_2013_35.pth,0.041
Data/pth/nga_2018_1303.pth,0.097
Data/pth/nga_2013_806.pth,0.0
Data/pth/nga_2013_614.pth,0.015
Data/pth/nga_2018_880.pth,0.125
Data/pth/nga_2013_5.pth,0.314
Data/pth/nga_2018_1137.pth,0.0
Data/pth/nga_2018_830.pth,0.168
Data/pth/nga_2018_734.pth,0.421
Data/pth/nga_2013_689.pth,0.002
Data/pth/nga_2018_825.pth,0.0
Data/pth/nga_2013_618.pth,0.37
Data/pth/nga_2013_772.pth,0.005
Data/pth/nga_2018_314.pth,0.644
Data/pth/nga_2018_873.pth,0.0
Data/pth/nga_2018_701.pth,0.598
Data/pth/nga_2013_402.pth,0.186
Data/pth/nga_2013_45.pth,0.0
Data/pth/nga_2018_636.pth,0.413
Data/pth/nga_2018_1250.pth,0.0
Data/pth/nga_2018_82.pth,0.0
Data/pth/nga_2018_1194.pth,0.042
Data/pth/nga_2013_308.pth,0.552
Data/pth/nga_2018_987.pth,0.158
Data/pth/nga_2013_250.pth,0.599
Data/pth/nga_2018_673.pth,0.802
Data/pth/nga_2018_299.pth,0.742
Data/pth/nga_2018_855.pth,0.2
Data/pth/nga_2018_1351.pth,0.126
Data/pth/nga_2018_194.pth,0.828
Data/pth/nga_2018_1190.pth,0.164
Data/pth/nga_2013_412.pth,0.616
Data/pth/nga_2013_776.pth,0.0
Data/pth/nga_2018_882.pth,0.206
Data/pth/nga_2013_563.pth,0.0
Data/pth/nga_2013_457.pth,0.195
Data/pth/nga_2018_607.pth,0.167
Data/pth/nga_2018_817.pth,0.0
Data/pth/nga_2018_1346.pth,0.0
Data/pth/nga_2018_871.pth,0.163
Data/pth/nga_2013_788.pth,0.0
Data/pth/nga_2018_582.pth,0.488
Data/pth/nga_2018_878.pth,0.0
Data/pth/nga_2013_556.pth,0.246
Data/pth/nga_2018_266.pth,0.528
Data/pth/nga_2013_370.pth,0.275
Data/pth/nga_2018_1277.pth,0.0
Data/pth/nga_2018_1180.pth,0.0
Data/pth/nga_2018_1204.pth,0.0
Data/pth/nga_2018_935.pth,0.044
Data/pth/nga_2018_693.pth,0.368
Data/pth/nga_2018_4.pth,0.054
Data/pth/nga_2013_331.pth,0.066
Data/pth/nga_2018_1297.pth,0.076
Data/pth/nga_2018_1344.pth,0.399
Data/pth/nga_2018_1316.pth,0.115
Data/pth/nga_2013_257.pth,0.398
Data/pth/nga_2018_285.pth,0.612
Data/pth/nga_2013_244.pth,0.339
Data/pth/nga_2013_125.pth,0.0
Data/pth/nga_2013_456.pth,0.66
Data/pth/nga_2018_856.pth,0.285
Data/pth/nga_2018_57.pth,0.0
Data/pth/nga_2018_7.pth,0.173
Data/pth/nga_2013_663.pth,0.006
Data/pth/nga_2013_604.pth,0.018
Data/pth/nga_2013_319.pth,0.585
Data/pth/nga_2018_388.pth,0.579
Data/pth/nga_2018_1013.pth,0.061
Data/pth/nga_2018_370.pth,0.25
Data/pth/nga_2018_54.pth,0.0
Data/pth/nga_2018_267.pth,0.475
Data/pth/nga_2018_545.pth,0.008
Data/pth/nga_2018_841.pth,0.066
Data/pth/nga_2018_840.pth,0.137
Data/pth/nga_2018_837.pth,0.269
Data/pth/nga_2013_619.pth,0.106
Data/pth/nga_2013_184.pth,0.638
Data/pth/nga_2018_76.pth,0.186
Data/pth/nga_2018_968.pth,0.088
